desertionNo,happenDt,happenPlace,kindFullNm,upKindCd,upKindNm,kindCd,kindNm,colorCd,age,weight,noticeNo,noticeSdt,noticeEdt,popfile1,popfile7,popfile8,processState,sexCd,neuterYn,specialMark,careRegNo,careNm,careTel,careAddr,careOwnerNm,orgNm,updTm,endReason,rfidCd,etcBigo,popfile2,adptnTitle,adptnSDate,adptnEDate,adptnConditionLimitTxt,adptnTxt,adptnImg,srvcTitle,srvcSDate,srvcEDate,srvcConditionLimitTxt,srvcTxt,popfile3,popfile4,popfile5,popfile6,vaccinationChk,healthChk,sfeSoci,sfeHealth
448538202300917,20231231,롯데마트정문(삼호동),[개] 믹스견,417000,개,000114,믹스견,검정갈색,2021(년생),9.8(Kg),경남-양산-2024-00001,20240103,20240115,http://openapi.animal.go.kr/openapi/service/rest/fileDownloadSrvc/files/shelter/2023/11/202401031701841[1].jpg,http://openapi.animal.go.kr/openapi/service/rest/fileDownloadSrvc/files/shelter/2023/11/202401031701879.jpg,http://openapi.animal.go.kr/openapi/service/rest/fileDownloadSrvc/files/shelter/2023/11/202401031701921.jpg,종료(입양),M,U,"검정갈색,검정목테착용,순하고사람잘따름",348538200900001,양산시 동물보호센터,055-392-5669,경상남도 양산시 동면 양산대로 618  양산시 농업기술센터,양산시장,경상남도 양산시,2024-02-02 00:00:00.0,,,,,,,,,,,,,,,,,,,,,,,
444461202400001,20231231,역전로 121,[개] 믹스견,417000,개,000114,믹스견,희검정,2023(년생),3(Kg),충남-예산-2024-00004,20240103,20240111,http://openapi.animal.go.kr/openapi/service/rest/fileDownloadSrvc/files/shelter/2023/11/20240102080154.jpg,,,종료(안락사),M,N,주민 신고후 출동 구조함. 신고자 분양 예약함.,344461201900001,예산동물보호센터,010-5453-8043,충청남도 예산군 예산읍 아리랑로 236  지하1층,이문승,충청남도 예산군,2024-03-19 00:00:00.0,공고기간 경과에 따른 보호종료,,,,,,,,,,,,,,,,,,,,,,
444461202300802,20231231,군청 당직실,[개] 믹스견,417000,개,000114,믹스견,흰고동색,2023(년생),2(Kg),충남-예산-2024-00003,20240103,20240111,http://openapi.animal.go.kr/openapi/service/rest/fileDownloadSrvc/files/shelter/2023/11/202401020801203.jpg,,,종료(자연사),M,N,떠돌이견. 주민 신고후  출동 구조함.,344461201900001,예산동물보호센터,010-5453-8043,충청남도 예산군 예산읍 아리랑로 236  지하1층,이문승,충청남도 예산군,2024-03-19 00:00:00.0,,,,,,,,,,,,,,,,,,,,,,,
444461202300801,20231231,예당남로 693,[개] 믹스견,417000,개,000114,믹스견,고동색,2023(년생),5(Kg),충남-예산-2024-00002,20240103,20240111,http://openapi.animal.go.kr/openapi/service/rest/fileDownloadSrvc/files/shelter/2023/11/202401020801745.jpg,,,종료(자연사),F,N,주민 신고후 출동 구조함. 퍼그믹스로 추정됨,344461201900001,예산동물보호센터,010-5453-8043,충청남도 예산군 예산읍 아리랑로 236  지하1층,이문승,충청남도 예산군,2024-03-19 00:00:00.0,,,,,,,,,,,,,,,,,,,,,,,
444461202300800,20231231,수덕사 주차장,[개] 믹스견,417000,개,000114,믹스견,흰연갈색,2023(년생),4(Kg),충남-예산-2024-00001,20240103,20240111,http://openapi.animal.go.kr/openapi/service/rest/fileDownloadSrvc/files/shelter/2023/11/202401020801582.jpg,,,종료(안락사),F,N,주민 신고 후 출동 구조함.,344461201900001,예산동물보호센터,010-5453-8043,충청남도 예산군 예산읍 아리랑로 236  지하1층,이문승,충청남도 예산군,2024-03-19 00:00:00.0,공고기간 경과에 따른 보호종료,,,,,,,,,,,,,,,,,,,,,,
444460202300863,20231231,홍동면 금당리 금당초등학교앞,[개] 푸들,417000,개,000128,푸들,회색,2022(년생),4(Kg),충남-홍성-2024-00003,20240103,20240110,http://openapi.animal.go.kr/openapi/service/rest/fileDownloadSrvc/files/shelter/2023/11/202401031101882[2].jpg,http://openapi.animal.go.kr/openapi/service/rest/fileDownloadSrvc/files/shelter/2023/11/202401031101485.jpg,http://openapi.animal.go.kr/openapi/service/rest/fileDownloadSrvc/files/shelter/2023/11/202401031101776.jpg,종료(입양),M,Y,중성화,344460201300001,금일동물보호센터,041-634-5400,충청남도 홍성군 홍동면 충절로 625 (홍동면) ,복진수,충청남도 홍성군,2024-02-08 00:00:00.0,,,,,,,,,,,,,,,,,,,,,,,
444460202300862,20231231,홍동면 금당리 금당초등학교앞,[개] 말티즈,417000,개,000072,말티즈,흰색,2022(년생),4(Kg),충남-홍성-2024-00002,20240103,20240110,http://openapi.animal.go.kr/openapi/service/rest/fileDownloadSrvc/files/shelter/2023/11/202401031101319.jpg,http://openapi.animal.go.kr/openapi/service/rest/fileDownloadSrvc/files/shelter/2023/11/202401031101361.jpg,http://openapi.animal.go.kr/openapi/service/rest/fileDownloadSrvc/files/shelter/2023/11/202401031101402.jpg,종료(입양),M,Y,중성화,344460201300001,금일동물보호센터,041-634-5400,충청남도 홍성군 홍동면 충절로 625 (홍동면) ,복진수,충청남도 홍성군,2024-03-06 00:00:00.0,,,,,,,,,,,,,,,,,,,,,,,
426332202300995,20231231,구만덕로59번길 42,[개] 믹스견,417000,개,000114,믹스견,황색,2022(년생),9.5(Kg),부산-북구-2024-00009,20240103,20240115,http://openapi.animal.go.kr/openapi/service/rest/fileDownloadSrvc/files/shelter/2023/11/202401031301507.png,http://openapi.animal.go.kr/openapi/service/rest/fileDownloadSrvc/files/shelter/2024/03/202403281103737.jpg,,종료(안락사),M,N,"들개서식지에서 구조, 경계심과 공격성이 강함, 진드기 도포, 북구1-175",326332201000001,부산동물보호센터,051-832-7119,부산광역시 강서구 맥도강변길 752-15 (대저2동) ,김영진,부산광역시 북구,2024-03-28 00:00:00.0,공격성,,,,,,,,,,,,,,,,,,,,,,
411313202301008,20231231,합정역5번출구,[고양이] 한국 고양이,422400,고양이,000200,한국 고양이,턱시도,2023(년생),2.3(Kg),서울-마포-2024-00002,20240103,20240115,http://openapi.animal.go.kr/openapi/service/rest/fileDownloadSrvc/files/shelter/2023/11/202401041401262.jpg,,,종료(입양),F,N,기력없고 조용함 뒷다리 힘이없음,311313201000017,홍익동물병원,02-325-2026,서울특별시 마포구 독막로 45 (합정동) ,이대영,서울특별시 마포구,2024-01-27 00:00:00.0,,,,,,,,,,,,,,,,,,,,,,,
447522202300279,20231231,기산면 월드피아 아파트,[개] 푸들,417000,개,000128,푸들,흰색,2022(년생),4(Kg),경북-칠곡-2024-00002,20240102,20240110,http://openapi.animal.go.kr/openapi/service/rest/fileDownloadSrvc/files/shelter/2023/11/202401021201736.jpg,,,종료(반환),M,N,한달전부터 아파트주위배회 사람을잘따르는아이,347522201400001,칠곡유기동물보호센터,054-973-5710,경상북도 칠곡군 석적읍 포망로 341 (석적읍) ,윤광남,경상북도 칠곡군,2024-01-03 00:00:00.0,,,,,,,,,,,,,,,,,,,,,,,
447522202300278,20231231,동명면남원로,[개] 말티즈,417000,개,000072,말티즈,흰색,2023(년생),3(Kg),경북-칠곡-2024-00001,20240102,20240110,http://openapi.animal.go.kr/openapi/service/rest/fileDownloadSrvc/files/shelter/2023/11/202401021201357.jpg,,,종료(자연사),M,N,학명리큰길에서 기성리방향오르막길에구조양쪽귀꼬리핑크색염색,347522201400001,칠곡유기동물보호센터,054-973-5710,경상북도 칠곡군 석적읍 포망로 341 (석적읍) ,윤광남,경상북도 칠곡군,2024-01-11 00:00:00.0,,,,,,,,,,,,,,,,,,,,,,,
444453202400001,20231231,고북면 용암휴암길 81-15,[개] 믹스견,417000,개,000114,믹스견,흰색,2024(년생),3.00(Kg),충남-서산-2024-00001,20240102,20240109,http://openapi.animal.go.kr/openapi/service/rest/fileDownloadSrvc/files/shelter/2023/11/202401021401752[1].jpg,http://openapi.animal.go.kr/openapi/service/rest/fileDownloadSrvc/files/shelter/2023/11/202402011902719.jpg,,종료(안락사),F,U,"입소 시 3개월령 추정, 경계",344453202100003,서산시 동물보호센터,041-660-2040,충청남도 서산시 인지면 무학재1길 99  ,서산시농업기술센터,충청남도 서산시,2024-02-01 00:00:00.0,전염성 질환으로 인해 회복가능성이 낮고 보호*관리가 어려울 것으로 판단 ,,,,,,,,,,,,,,,,,,,,,,
444451202301132,20231231,보령시 청라면 넙티로 684번지 주변,[개] 믹스견,417000,개,000114,믹스견,호피색,2021(년생),20(Kg),충남-보령-2024-00001,20240102,20240112,http://openapi.animal.go.kr/openapi/service/rest/fileDownloadSrvc/files/shelter/2023/11/202401020901513.jpg,,,종료(안락사),M,N,청라면 넙티로 684주변을 배회하여 구조,344451201300001,보령시유기동물보호소,010-5427-7210,충청남도 보령시 대천방조제로 322 (대천동) 보령시시설관리공단 내 좌측 생태공원2,장경무,충청남도 보령시,2024-02-05 00:00:00.0,인도적차원의 안락사,,,,,,,,,,,,,,,,,,,,,,
441560202301997,20231231,소흘읍 이동교로 33 인근,[개] 믹스견,417000,개,000114,믹스견,흰/연갈,2021(년생),12.3(Kg),경기-포천-2024-00006,20240102,20240112,http://openapi.animal.go.kr/openapi/service/rest/fileDownloadSrvc/files/shelter/2023/11/202401021401794.jpg,,,종료(반환),F,U,분홍바탕 파란줄목줄+케이블타이로 묶임.입가 상처/흉터.겁많음/방어적입질.구토.코로나 양성.,341560201000002,한국동물구조관리협회,031-867-9119,경기도 양주시 남면 감악산로 63-37  ,김철훈,경기도 포천시,2024-01-09 00:00:00.0,,,,,,,,,,,,,,,,,,,,,,,
441560202301996,20231231,일동면 화동로 1019 일동초등학교 내,[기타축종] 머스코비 오리,429900,기타,000117,기타축종,흰/빨/검,2024(년생),3.3(Kg),경기-포천-2024-00005,20240102,20240112,http://openapi.animal.go.kr/openapi/service/rest/fileDownloadSrvc/files/shelter/2023/11/202401021301737.jpg,,,종료(안락사),Q,U,날개쪽 털 약간 빠짐. 공격적. 연령/성별추정 어려움. 외관양호.,341560201000002,한국동물구조관리협회,031-867-9119,경기도 양주시 남면 감악산로 63-37  ,김철훈,경기도 포천시,2024-01-31 00:00:00.0,보호기간종료.,,,,,,,,,,,,,,,,,,,,,,
441414202300984,20231231,전곡읍 한탄강 관광지 일대,[개] 믹스견,417000,개,000114,믹스견,검/흰,2024(년생),4.3(Kg),경기-연천-2024-00001,20240102,20240112,http://openapi.animal.go.kr/openapi/service/rest/fileDownloadSrvc/files/shelter/2023/11/202401021401673.jpg,,,종료(안락사),F,U,귀접힘. 코검정. 겁많음/방어적입질. 꼬리단미안됨. 털때탐.,341414201300001,한국동물구조관리협회,031-867-9119,경기도 양주시 남면 감악산로 63-37 ,김철훈,경기도 연천군,2024-01-22 00:00:00.0,보호기간종료.,,,,,,,,,,,,,,,,,,,,,,
441405202304897,20231231,처인구 모현읍 대대로 25번길 7,[개] 믹스견,417000,개,000114,믹스견,흰색,2021(년생),8(Kg),경기-용인-2024-00001,20240102,20240112,http://openapi.animal.go.kr/openapi/service/rest/fileDownloadSrvc/files/shelter/2023/11/20240102110178.jpg,,,종료(반환),M,N,활발하고 귀여운 아이,341405201800001,용인시 동물보호센터,031-324-3463,경기도 용인시 처인구 중부대로 1074-1 (삼가동) 용인시 동물보호센터,용인시장,경기도 용인시,2024-01-11 00:00:00.0,,,,,,,,,,,,,,,,,,,,,,,
441386202301845,20231231,내동 19-13,[개] 믹스견,417000,개,000114,믹스견,흰,2022(년생),25(Kg),경기-부천-2024-00001,20240102,20240112,http://openapi.animal.go.kr/openapi/service/rest/fileDownloadSrvc/files/shelter/2023/11/202401021001122.jpg,,,종료(반환),M,N,지붕 위에서 발견. 경계심 매우 심함.,341386201500001,부천시수의사회,032-323-4999,"경기도 부천시 원미구 중동로 244 (중동, 상록센트럴타워) 109호 110호 정샘동물병원(중동)",최기현,경기도 부천시,2024-01-04 00:00:00.0,,,,,,,,,,,,,,,,,,,,,,,
428353202301335,20231231,남동구 만수동 만수지구대,[개] 말티즈,417000,개,000072,말티즈,흰색,2022(년생),2.5(Kg),인천-남동-2024-00001,20240102,20240112,http://openapi.animal.go.kr/openapi/service/rest/fileDownloadSrvc/files/shelter/2023/11/202401011001247.jpg,,,종료(반환),F,U,"순함,분홍색옷착용",328353200900001,인천광역시수의사회,032-515-7567,"인천광역시 계양구 다남로165번길 56 (다남동, 유기동물보호소) ",박정현,인천광역시 남동구,2024-02-13 00:00:00.0,,,,,,,,,,,,,,,,,,,,,,,
428351202301065,20231231,미추홀구 구청케이지,[개] 시바,417000,개,000100,시바,갈/흰,2020(년생),5(Kg),인천-미추홀-2024-00004,20240102,20240112,http://openapi.animal.go.kr/openapi/service/rest/fileDownloadSrvc/files/shelter/2023/11/202401011001710.jpg,,,종료(안락사),F,U,순함,328351200900001,경동동물병원,032-515-7567,인천광역시 중구 개항로 68 (경동) ,이광태,인천광역시 미추홀구,2024-04-09 00:00:00.0,보호기간초과,,,,,,,,,,,,,,,,,,,,,,
426335202300734,20231231,서2동 주민센터,[고양이] 믹스묘,422400,고양이,000212,믹스묘,갈색,2020(년생),4.6(Kg),부산-금정-2024-00003,20240102,20240112,http://openapi.animal.go.kr/openapi/service/rest/fileDownloadSrvc/files/shelter/2023/11/202401021901332.jpg,http://openapi.animal.go.kr/openapi/service/rest/fileDownloadSrvc/files/shelter/2023/11/202401021901345.jpg,,종료(자연사),M,N,"사고 의심, 기력 매우 저하, 갈색",326335201700001,동부동물보호협회,051-701-7599,부산광역시 해운대구 송정2로13번길 46 (송정동) ,장영철,부산광역시 금정구,2024-01-09 00:00:00.0,,,,,,,,,,,,,,,,,,,,,,,
411318202300600,20231231,도신로 160 인근,[고양이] 한국 고양이,422400,고양이,000200,한국 고양이,갈/흰,2021(년생),7(Kg),서울-영등포-2024-00001,20240102,20240112,http://openapi.animal.go.kr/openapi/service/rest/fileDownloadSrvc/files/shelter/2023/11/202401021401752.jpg,,,종료(자연사),M,Y,우후지부종. 전신에 혈흔 묻어있음. 하악골절. 혀절단. 구강출혈. 기력없음.,311318201200001,한국동물구조관리협회,031-867-9119,경기도 양주시 남면 감악산로 63-37 ,김철훈,서울특별시 영등포구,2024-01-02 00:00:00.0,하악골절.혀절단.구강출혈.기력없음.,,,,,,,,,,,,,,,,,,,,,,
411307202300622,20231231,성북동 북악스카이웨이 산책로,[개] 믹스견,417000,개,000114,믹스견,갈,2014(년생),6.3(Kg),서울-성북-2024-00001,20240102,20240112,http://openapi.animal.go.kr/openapi/service/rest/fileDownloadSrvc/files/shelter/2023/11/202401021401937.jpg,,,종료(안락사),F,U,왼귀쫑긋/오른귀접힘.코검정.치석심함.노령.겁있음/만지는것가능.외이염.,311307200900001,한국동물구조관리협회,031-867-9119,경기도 양주시 남면 감악산로 63-37 (남면) ,김철훈,서울특별시 성북구,2024-01-24 00:00:00.0,보호기간종료.,,,,,,,,,,,,,,,,,,,,,,
446480202301867,20231231,시청부근,[개] 말티즈,417000,개,000072,말티즈,흰색,2020(년생),3.2(Kg),전남-목포-2024-00002,20240101,20240111,http://openapi.animal.go.kr/openapi/service/rest/fileDownloadSrvc/files/shelter/2023/11/202401011901356.jpg,,,종료(반환),M,N,"심야에 배회, 분리불안보임, 앞쪽으로 혀나옴",346480201000001,목포시유기동물보호소,010-9678-9966,전라남도 무안군 삼향읍 석매길 36  ,김성진,전라남도 목포시,2024-02-20 00:00:00.0,,,,,,,,,,,,,,,,,,,,,,,
428356202302147,20231231,정서진 구조대,[개] 말티즈,417000,개,000072,말티즈,흰색,2020(년생),2(Kg),인천-서구-2024-00007,20240101,20240111,http://openapi.animal.go.kr/openapi/service/rest/fileDownloadSrvc/files/shelter/2023/11/202312311412861.jpg,http://openapi.animal.go.kr/openapi/service/rest/fileDownloadSrvc/files/shelter/2023/11/202401121001375.jpg,,종료(입양),F,U,"목줄없음,온순함",328356201600005,우리동물병원,032-566-0075,인천광역시 서구 서곶로 349 (연희동) 우리동물병원,배세진,인천광역시 서구,2024-01-12 00:00:00.0,,,,,,,,,,,,,,,,,,,,,,,
428356202302146,20231231,서구청 당직실,[개] 라브라도 리트리버,417000,개,000069,라브라도 리트리버,크림색,2018(년생),28(Kg),인천-서구-2024-00006,20240101,20240111,http://openapi.animal.go.kr/openapi/service/rest/fileDownloadSrvc/files/shelter/2023/11/202312311412946.jpg,http://openapi.animal.go.kr/openapi/service/rest/fileDownloadSrvc/files/shelter/2023/11/202401021601142.jpg,,종료(반환),M,N,"목줄없음,온순함.소유주 검색이 안됨",328356201600005,우리동물병원,032-566-0075,인천광역시 서구 서곶로 349 (연희동) 우리동물병원,배세진,인천광역시 서구,2024-01-02 00:00:00.0,,,,,,,,,,,,,,,,,,,,,,,
427343202301040,20231231,서구청 당직실,[고양이] 한국 고양이,422400,고양이,000200,한국 고양이,치즈태비,2023(년생),3(Kg),대구-서구-2024-00001,20240101,20240111,http://openapi.animal.go.kr/openapi/service/rest/fileDownloadSrvc/files/shelter/2023/11/202401011101892.jpg,,,종료(방사),F,N,7개월령 추정. 후지보행장애.,327343201500004,대구수의사회(아이펫),053-573-1175,대구광역시 서구 서대구로 64 (평리동) ,채형규,대구광역시 서구,2024-01-16 00:00:00.0,,,,,,,,,,,,,,,,,,,,,,,
448532202300794,20231231,남양동(CU남양우방점 ~ 웅천방향),[개] 믹스견,417000,개,000114,믹스견,갈색+흰색,2021(년생),17(Kg),경남-창원3-2023-00412,20231231,20240110,http://openapi.animal.go.kr/openapi/service/rest/fileDownloadSrvc/files/shelter/2023/11/202312311412307.jpg,http://openapi.animal.go.kr/openapi/service/rest/fileDownloadSrvc/files/shelter/2023/11/202401021701213.jpg,,종료(반환),M,N,"초록색 목줄+리드줄 착용, 겁 많음",348532200900001,진해유기동물보호소,055-225-5701,경상남도 창원시 진해구 웅천로 218 (성내동) 도시농업과 부지 내,창원시장,경상남도 창원시 진해구,2024-01-02 00:00:00.0,,,,,,,,,,,,,,,,,,,,,,,
447513202301381,20231231,중방동,[고양이] 한국 고양이,422400,고양이,000200,한국 고양이,삼색,2023(년생),1.06(Kg),경북-경산-2023-00763,20231231,20240110,http://openapi.animal.go.kr/openapi/service/rest/fileDownloadSrvc/files/shelter/2023/11/202312312312388.jpg,,,종료(자연사),F,N,"생후 5개월령 추정, 흉부 좌상, 서혜부 외상, 패혈증 추정",347513201800003,경산시유기동물보호소,010-2536-0955,경상북도 경산시 용성면 사양지길 95 (용성면) ,박병용,경상북도 경산시,2024-01-01 00:00:00.0,패혈증(12.25.),,,,,,,,,,,,,,,,,,,,,,
447513202301380,20231231,옥산동,[고양이] 한국 고양이,422400,고양이,000200,한국 고양이,치즈태비,2023(년생),0.8(Kg),경북-경산-2023-00762,20231231,20240110,http://openapi.animal.go.kr/openapi/service/rest/fileDownloadSrvc/files/shelter/2023/11/202312312312472[1].jpg,,,종료(자연사),M,N,"탈수가 매우 심하여 기립불능, 매우 말라있음",347513201800003,경산시유기동물보호소,010-2536-0955,경상북도 경산시 용성면 사양지길 95 (용성면) ,박병용,경상북도 경산시,2024-01-01 00:00:00.0,"탈수, 장염(12.29.)",,,,,,,,,,,,,,,,,,,,,,
447511202301198,20231231,죽전1길  죽전동  625~5  일대,[개] 믹스견,417000,개,000114,믹스견,황색,2021(년생),29.99(Kg),경북-상주-2023-00381,20231231,20240110,http://openapi.animal.go.kr/openapi/service/rest/fileDownloadSrvc/files/shelter/2023/11/202312311212154.jpg,,,종료(자연사),M,N,매우순함.쇠로된 목걸이착용,347511202000001,상주시 동물보호센터,010-9270-1191,경상북도 상주시 사벌국면 상풍로 124  ,이승훈,경상북도 상주시,2024-01-22 00:00:00.0,,,,,,,,,,,,,,,,,,,,,,,
447502202302274,20231231,경상북도 포항시 남구 대송면 건포산업로 3214번지 140-5,[개] 비글,417000,개,000013,비글,황백,2023(년생),2.2(Kg),경북-포항-2023-01246,20231231,20240110,http://openapi.animal.go.kr/openapi/service/rest/fileDownloadSrvc/files/shelter/2023/11/202312311712267.jpg,,,종료(입양),F,N,"비글믹스 3개월추정, 촉촉한 핑크색 젖소코가 여리여리함을 적극 어필함, 뒷발에 상처있음",347502201600001,(사)영일동물플러스,054-262-8295,경상북도 포항시 북구 흥해읍 덕장길 224 (흥해읍) ,김태연,경상북도 포항시,2024-01-13 00:00:00.0,,,,,,,,,,,,,,,,,,,,,,,
447502202302273,20231231,경상북도 포항시 북구 양덕동1825,[개] 믹스견,417000,개,000114,믹스견,아이보리,2023(60일미만)(년생),1.5(Kg),경북-포항-2023-01245,20231231,20240110,http://openapi.animal.go.kr/openapi/service/rest/fileDownloadSrvc/files/shelter/2023/11/202312311712760.jpg,,,종료(입양),F,N,"2개월추정, 보송보송한 눈송이 같은 공주님,100장찍어서 1장 겨우 성공한 소심 쫄보 ",347502201600001,(사)영일동물플러스,054-262-8295,경상북도 포항시 북구 흥해읍 덕장길 224 (흥해읍) ,김태연,경상북도 포항시,2024-03-12 00:00:00.0,,,,,,,,,,,,,,,,,,,,,,,
447502202302272,20231231,경상북도 포항시 북구 양덕동1825,[개] 믹스견,417000,개,000114,믹스견,아이보리,2023(60일미만)(년생),1.8(Kg),경북-포항-2023-01244,20231231,20240110,http://openapi.animal.go.kr/openapi/service/rest/fileDownloadSrvc/files/shelter/2023/11/202312311712939.jpg,,,종료(안락사),M,N,"2개월추정, 복실한 털을 보유한 티컵 왕자님, 당당한 포즈를 보니 커서 프로 모델견의 자질이 보임",347502201600001,(사)영일동물플러스,054-262-8295,경상북도 포항시 북구 흥해읍 덕장길 224 (흥해읍) ,김태연,경상북도 포항시,2024-01-13 00:00:00.0,"식욕절폐, 기력없음, 설사, 구토",,,,,,,,,,,,,,,,,,,,,,
447502202302271,20231231,경상북도 포항시 북구 양덕동1825,[개] 믹스견,417000,개,000114,믹스견,아이보리,2024(60일미만)(년생),2.2(Kg),경북-포항-2023-01243,20231231,20240110,http://openapi.animal.go.kr/openapi/service/rest/fileDownloadSrvc/files/shelter/2024/05/202406071706319.jpg,,,보호중,F,N,"2개월추정, 귀에 황색털, 아련해보이지만 실상은 목욕후 졸린거임, 꼬리끝 피부병 약간",347502201600001,(사)영일동물플러스,054-262-8295,경상북도 포항시 북구 흥해읍 덕장길 224 (흥해읍) ,김태연,경상북도 포항시,2024-06-07 00:00:00.0,,,,,,,,,,,,,,,,,,,,,,,
447502202302270,20231231,경상북도 포항시 북구 양덕동1825,[개] 믹스견,417000,개,000114,믹스견,아이보리,2024(년생),4(Kg),경북-포항-2023-01242,20231231,20240110,http://openapi.animal.go.kr/openapi/service/rest/fileDownloadSrvc/files/shelter/2024/02/202402201402532.jpg,,,종료(입양),F,Y,"240422수정-6개월추정,피부병치료,중성화,접종완료, 남매중 제일 작고 소듕함, 사회성만랩",347502201600001,(사)영일동물플러스,054-262-8295,경상북도 포항시 북구 흥해읍 덕장길 224 (흥해읍) ,김태연,경상북도 포항시,2024-05-15 00:00:00.0,,,,,,,,,,,,,,,,,,,,,,,
447502202302269,20231231,경상북도 포항시 북구 양덕동1825,[개] 믹스견,417000,개,000114,믹스견,황백,2024(년생),5(Kg),경북-포항-2023-01241,20231231,20240110,http://openapi.animal.go.kr/openapi/service/rest/fileDownloadSrvc/files/shelter/2023/11/202312311612869.jpg,,,종료(안락사),F,Y,"240422수정-6개월추정,피부병치료,중성화,접종완료, 너무너무 순하고 대견사회성 좋음",347502201600001,(사)영일동물플러스,054-262-8295,경상북도 포항시 북구 흥해읍 덕장길 224 (흥해읍) ,김태연,경상북도 포항시,2024-10-15 00:00:00.0,공격성,,,,,,,,,,,,,,,,,,,,,,
446483202301931,20231231,나주시 산포면 산제리 진흥원앞,[개] 믹스견,417000,개,000114,믹스견,흰색,2023(년생),3.5(Kg),전남-나주-2023-01584,20231231,20240110,http://openapi.animal.go.kr/openapi/service/rest/fileDownloadSrvc/files/shelter/2023/11/202312311812205.jpg,http://openapi.animal.go.kr/openapi/service/rest/fileDownloadSrvc/files/shelter/2023/11/202312311812632.jpg,http://openapi.animal.go.kr/openapi/service/rest/fileDownloadSrvc/files/shelter/2023/11/202312311812934.jpg,종료(안락사),F,N,생후3개월정도보임 발바리 ,346483202100001,나주유기동물보호센터,010-2331-7377,전라남도 나주시 산포면 내기3길 71-43 [*미고시] ,조왕애,전라남도 나주시,2024-02-06 00:00:00.0,「동물보호법」제46조제1항 및 동법 시행규칙 제28조제1항,,,,,,,,,,,,,,,,,,,,,,
446483202301930,20231231,나주시 금천면 촌곡길151-8,[개] 믹스견,417000,개,000114,믹스견,검갈,2023(60일미만)(년생),0.9(Kg),전남-나주-2023-01583,20231231,20240110,http://openapi.animal.go.kr/openapi/service/rest/fileDownloadSrvc/files/shelter/2023/11/202312311712525[1].jpg,http://openapi.animal.go.kr/openapi/service/rest/fileDownloadSrvc/files/shelter/2023/11/202312311712834.jpg,http://openapi.animal.go.kr/openapi/service/rest/fileDownloadSrvc/files/shelter/2023/11/202312311712215.jpg,종료(안락사),M,N,생후50일정도보임 콘테이너아래 9마리 분만해기름  포획구조,346483202100001,나주유기동물보호센터,010-2331-7377,전라남도 나주시 산포면 내기3길 71-43 [*미고시] ,조왕애,전라남도 나주시,2024-02-06 00:00:00.0,「동물보호법」제46조제1항 및 동법 시행규칙 제28조제1항,,,,,,,,,,,,,,,,,,,,,,
446483202301929,20231231,나주시 금천면 촌곡길151-8,[개] 믹스견,417000,개,000114,믹스견,검갈,2023(60일미만)(년생),0.9(Kg),전남-나주-2023-01582,20231231,20240110,http://openapi.animal.go.kr/openapi/service/rest/fileDownloadSrvc/files/shelter/2023/11/202312311712989.jpg,http://openapi.animal.go.kr/openapi/service/rest/fileDownloadSrvc/files/shelter/2023/11/202312311712769.jpg,,종료(자연사),F,N,생후50일정도보임,346483202100001,나주유기동물보호센터,010-2331-7377,전라남도 나주시 산포면 내기3길 71-43 [*미고시] ,조왕애,전라남도 나주시,2024-01-23 00:00:00.0,장염설사로인하여폐사,,,,,,,,,,,,,,,,,,,,,,
445464202304010,20231231,모래내 훈민정음 어린이집,[개] 믹스견,417000,개,000114,믹스견,갈색,2023(60일미만)(년생),8.1(Kg),전북-전주-2023-01871,20231231,20240109,http://openapi.animal.go.kr/openapi/service/rest/fileDownloadSrvc/files/shelter/2023/11/202312311612134.jpg,http://openapi.animal.go.kr/openapi/service/rest/fileDownloadSrvc/files/shelter/2023/11/202312311612627.jpg,http://openapi.animal.go.kr/openapi/service/rest/fileDownloadSrvc/files/shelter/2023/11/202312311612868.jpg,종료(입양),M,N,"순함, 파란색 노란색 목걸이 착용",345464201700001,링크늘푸른동물병원,063-281-0075,전라북도 전주시 완산구 서원로 225 (중화산동2가) ,이상훈,전북특별자치도 전주시,2024-11-21 10:57:11.0,,,,,,,,,,,,,,,,,,,,,,,
443571202303367,20231231,율량동 부근 ,[개] 요크셔 테리어,417000,개,000113,요크셔 테리어,"갈, 회",2012(년생),3(Kg),충북-청주-2023-01251,20231231,20240110,http://openapi.animal.go.kr/openapi/service/rest/fileDownloadSrvc/files/shelter/2023/11/20240111140118.jpeg,,,종료(반환),F,U,"인수제 인수 동물, 미용완료, 순한 성격, 치아가 많지 않음",343571201600001,반려동물보호센터,043-201-2298,충청북도 청주시 흥덕구 강내면 서부로 411-23  청주시 반려동물 보호센터,청주시청,충청북도 청주시,2024-05-17 00:00:00.0,,,,,,,,,,,,,,,,,,,,,,,
442420202300716,20231231,구) 적십자 사거리,[개] 믹스견,417000,개,000114,믹스견,갈색,2016(년생),7.5(Kg),강원-강릉-2023-00719,20231231,20240110,http://openapi.animal.go.kr/openapi/service/rest/fileDownloadSrvc/files/shelter/2023/11/202312311212815.jpg,http://openapi.animal.go.kr/openapi/service/rest/fileDownloadSrvc/files/shelter/2023/11/202402131302710.jpg,,종료(자연사),F,N,"빨간색 목줄착용, 매우 마른상태, 기력없음",342420201500001,강릉시 동물사랑센터,033-641-7515,강원도 강릉시 성산면 내맬길 172  ,장혁,강원특별자치도 강릉시,2024-02-13 00:00:00.0,,,,,,,,,,,,,,,,,,,,,,,
441378202302321,20231231,중앙동 710,[개] 진도견,417000,개,000067,진도견,갈,2020(년생),19(Kg),경기-성남-2023-00781,20231231,20240110,http://openapi.animal.go.kr/openapi/service/rest/fileDownloadSrvc/files/shelter/2023/11/202312311412459.jpg,http://openapi.animal.go.kr/openapi/service/rest/fileDownloadSrvc/files/shelter/2023/11/20240109120105.jpg,,종료(반환),M,N,"빨간 목줄 착용, 어금니 깨져있음, 깨진지 오래 됨.",341378201300002,펫앤쉘터동물병원,031-714-8392,"경기도 성남시 분당구 불정로 266 (수내동, 유신제일조합) ",한준근,경기도 성남시,2024-01-09 00:00:00.0,,,,,,,,,,,,,,,,,,,,,,,
429362202301307,20231231,북구 일곡지구대,[개] 스피츠,417000,개,000124,스피츠,흰색,2020(년생),5(Kg),광주-북구-2023-00922,20231231,20240110,http://openapi.animal.go.kr/openapi/service/rest/fileDownloadSrvc/files/shelter/2023/11/202312311512130.jpg,,,종료(입양),F,U,"23-1401 똘망,순함",329362201300001,광주동물보호센터,062-571-2808,광주광역시 북구 본촌마을길 25-1 (본촌동) 광주동물보호센터,광주광역시장,광주광역시 북구,2024-02-21 00:00:00.0,,,,,,,,,,,,,,,,,,,,,,,
429361202300726,20231231,남구 행암동,[기타축종] 앵무새,429900,기타,000117,기타축종,"흰,하늘",2022(년생),0.05(Kg),광주-남구-2023-00413,20231231,20240110,http://openapi.animal.go.kr/openapi/service/rest/fileDownloadSrvc/files/shelter/2023/11/202312311512202.jpg,,,종료(반환),Q,U,"23-9052 푸른,발찌(인식표)착용,순함",329361201300001,광주동물보호센터,062-571-2808,광주광역시 북구 본촌마을길 25-1 (본촌동) 광주동물보호센터,광주광역시장,광주광역시 남구,2023-12-31 00:00:00.0,,,,,,,,,,,,,,,,,,,,,,,
428357202301875,20231230,길정리309-2,[개] 믹스견,417000,개,000114,믹스견,흰색,2024(60일미만)(년생),1.74(Kg),인천-강화-2024-00018,20240116,20240126,http://openapi.animal.go.kr/openapi/service/rest/fileDownloadSrvc/files/shelter/2023/11/202401161701314.jpg,,,종료(입양),M,N,생후 2개월령,328357200900001,베스트동물병원,032-934-9340,"인천광역시 강화군 강화읍 강화대로 217 (강화읍, 린나이보일러) ",이규식,인천광역시 강화군,2024-06-25 00:00:00.0,,,,,,,,,,,,,,,,,,,,,,,
428357202301874,20231230,길정리309-2,[개] 믹스견,417000,개,000114,믹스견,흰색,2024(60일미만)(년생),3.06(Kg),인천-강화-2024-00017,20240116,20240126,http://openapi.animal.go.kr/openapi/service/rest/fileDownloadSrvc/files/shelter/2023/11/202401161701192.jpg,,,종료(입양),F,N,생후 2개월령,328357200900001,베스트동물병원,032-934-9340,"인천광역시 강화군 강화읍 강화대로 217 (강화읍, 린나이보일러) ",이규식,인천광역시 강화군,2024-06-25 00:00:00.0,,,,,,,,,,,,,,,,,,,,,,,
428357202301873,20231230,길정리309-2,[개] 믹스견,417000,개,000114,믹스견,갈색/흰색,2024(60일미만)(년생),2.94(Kg),인천-강화-2024-00016,20240116,20240126,http://openapi.animal.go.kr/openapi/service/rest/fileDownloadSrvc/files/shelter/2023/11/202401161701721.jpg,,,종료(자연사),M,N,생후 2개월령,328357200900001,베스트동물병원,032-934-9340,"인천광역시 강화군 강화읍 강화대로 217 (강화읍, 린나이보일러) ",이규식,인천광역시 강화군,2024-06-25 00:00:00.0,장염,,,,,,,,,,,,,,,,,,,,,,
426340202300997,20231230,기장대로 471,[고양이] 믹스묘,422400,고양이,000212,믹스묘,검정+흰색,2020(년생),5.5(Kg),부산-기장-2024-00002,20240109,20240119,http://openapi.animal.go.kr/openapi/service/rest/fileDownloadSrvc/files/shelter/2023/11/202401091701902.jpg,http://openapi.animal.go.kr/openapi/service/rest/fileDownloadSrvc/files/shelter/2023/11/202401091701970.jpg,,종료(자연사),M,N,"사고 의심, 기립 불능, 예민함, 검정+흰색",326340201100001,사단법인 동부,051-701-7599,부산광역시 해운대구 송정2로13번길 46 (송정동) ,장영철,부산광역시 기장군,2024-01-10 00:00:00.0,,,,,,,,,,,,,,,,,,,,,,,
442435202300203,20231230,월리 감나무식당 주변,[개] 시바,417000,개,000100,시바,황색,2023(년생),12(Kg),강원-양양-2024-00003,20240104,20240115,http://openapi.animal.go.kr/openapi/service/rest/fileDownloadSrvc/files/shelter/2023/11/202401041001809.jpg,,,종료(반환),M,N,나이 추정. 사람을 좋아하고 잘따름,342435201000001,양양군유기동물보호소,033-670-2459,강원도 양양군 손양면 동막골길 115-35  .,양양군농업기술센터,강원특별자치도 양양군,2024-01-08 00:00:00.0,,,,,,,,,,,,,,,,,,,,,,,
444460202300861,20231230,금마면인산리 543-14,[개] 믹스견,417000,개,000114,믹스견,검은색,2022(년생),15(Kg),충남-홍성-2024-00001,20240103,20240110,http://openapi.animal.go.kr/openapi/service/rest/fileDownloadSrvc/files/shelter/2023/11/202401031101142[1].jpg,http://openapi.animal.go.kr/openapi/service/rest/fileDownloadSrvc/files/shelter/2023/11/202401031101644.jpg,http://openapi.animal.go.kr/openapi/service/rest/fileDownloadSrvc/files/shelter/2023/11/202401031101956.jpg,종료(입양),F,U,사람을 잘 따름,344460201300001,금일동물보호센터,041-634-5400,충청남도 홍성군 홍동면 충절로 625 (홍동면) ,복진수,충청남도 홍성군,2024-04-29 00:00:00.0,,,,,,,,,,,,,,,,,,,,,,,
447509202300305,20231230,문수면 월호리 2383-1,[개] 믹스견,417000,개,000114,믹스견,황색 ,2024(60일미만)(년생),35(Kg),경북-영주-2024-00002,20240102,20240112,http://openapi.animal.go.kr/openapi/service/rest/fileDownloadSrvc/files/shelter/2023/11/202401020901155.jpeg,,,종료(안락사),M,U,예민함 ,347509200900001,영주시 동물보호센터,010-6682-1185,경상북도 영주시 장수면 반구로 143 [*미고시] 영주시동물보호센터,영주시 농업기술센터,경상북도 영주시,2024-05-29 00:00:00.0,,,,,,,,,,,,,,,,,,,,,,,
447509202300304,20231230,문수면 월호리 2383-1 ,[개] 믹스견,417000,개,000114,믹스견,"검정,흰색 ",2024(60일미만)(년생),5(Kg),경북-영주-2024-00001,20240102,20240112,http://openapi.animal.go.kr/openapi/service/rest/fileDownloadSrvc/files/shelter/2023/11/202401020901426.jpeg,,,종료(안락사),F,U,"날카로움, 건강상태 양호 ",347509200900001,영주시 동물보호센터,010-6682-1185,경상북도 영주시 장수면 반구로 143 [*미고시] 영주시동물보호센터,영주시 농업기술센터,경상북도 영주시,2024-03-05 00:00:00.0,,,,,,,,,,,,,,,,,,,,,,,
444452202302223,20231230,방축동 오성하이츠 2차,[개] 포메라니안,417000,개,000089,포메라니안,흰색,2022(년생),5.4(Kg),충남-아산-2024-00005,20240102,20240111,http://openapi.animal.go.kr/openapi/service/rest/fileDownloadSrvc/files/shelter/2023/11/202401170901725.jpg,,,종료(입양),M,N,"2223호(관리) 5호(공고), 한쪽 잠복고환",344452202300001,아산동물복지지원센터,041-530-6200,충청남도 아산시 환경공원로 158 (배미동) ,아산시장,충청남도 아산시,2024-02-02 00:00:00.0,,,,,,,,,,,,,,,,,,,,,,,
442423202300458,20231230,고속버스터미널,[고양이] 한국 고양이,422400,고양이,000200,한국 고양이,회/검,2024(60일미만)(년생),1(Kg),강원-속초-2024-00001,20240102,20240112,http://openapi.animal.go.kr/openapi/service/rest/fileDownloadSrvc/files/shelter/2023/11/202401021101700.jpg,http://openapi.animal.go.kr/openapi/service/rest/fileDownloadSrvc/files/shelter/2023/11/202401121101784.jpg,,종료(자연사),M,N,3개월미만 어린고양이,342423201200001,속초시유기동물보호소,033-636-2519,강원도 속초시 하도문길 103 (대포동) ,농업기술센터소장,강원특별자치도 속초시,2024-01-12 00:00:00.0,허피스,,,,,,,,,,,,,,,,,,,,,,
441560202301995,20231230,소흘읍 이동교리 389-21 인근,[고양이] 한국 고양이,422400,고양이,000200,한국 고양이,갈/흰,2022(년생),2.1(Kg),경기-포천-2024-00004,20240102,20240112,http://openapi.animal.go.kr/openapi/service/rest/fileDownloadSrvc/files/shelter/2023/11/202401021301426.jpg,,,종료(자연사),M,N,기력없음. 기립불능. 저체온. 우전지 발등상처. 털오염/젖음.,341560201000002,한국동물구조관리협회,031-867-9119,경기도 양주시 남면 감악산로 63-37  ,김철훈,경기도 포천시,2024-01-02 00:00:00.0,기력없음.기립불능.저체온.,,,,,,,,,,,,,,,,,,,,,,
441560202301994,20231230,영중면 사은다리길 50-41 인근,[개] 믹스견,417000,개,000114,믹스견,흰,2024(년생),4.4(Kg),경기-포천-2024-00003,20240102,20240112,http://openapi.animal.go.kr/openapi/service/rest/fileDownloadSrvc/files/shelter/2023/11/202401021301643.jpg,,,종료(자연사),M,N,귀접힘. 코검정+분홍. 겁많음/입질. 꼬리단미안됨. 털상태 양호. 회충.,341560201000002,한국동물구조관리협회,031-867-9119,경기도 양주시 남면 감악산로 63-37  ,김철훈,경기도 포천시,2024-01-19 00:00:00.0,"파보양성,구토.",,,,,,,,,,,,,,,,,,,,,,
441560202301993,20231230,영중면 사은다리길 50-41 인근,[개] 믹스견,417000,개,000114,믹스견,흰,2024(년생),2.2(Kg),경기-포천-2024-00002,20240102,20240112,http://openapi.animal.go.kr/openapi/service/rest/fileDownloadSrvc/files/shelter/2023/11/202401021301202.jpg,,,종료(안락사),F,U,귀접힘. 코검정. 사람손피함/겁있음/만지면 물려함. 꼬리단미안됨. 털때탐.,341560201000002,한국동물구조관리협회,031-867-9119,경기도 양주시 남면 감악산로 63-37  ,김철훈,경기도 포천시,2024-01-22 00:00:00.0,보호기간종료.,,,,,,,,,,,,,,,,,,,,,,
441560202301992,20231230,영중면 사은다리길 50-41 인근,[개] 믹스견,417000,개,000114,믹스견,흰,2023(년생),11.6(Kg),경기-포천-2024-00001,20240102,20240112,http://openapi.animal.go.kr/openapi/service/rest/fileDownloadSrvc/files/shelter/2023/11/20240102130190.jpg,,,종료(안락사),F,U,목에서 왼 겨드랑이쪽 올무로 피부손상. 귀접힘. 코팥죽색. 겁많음/방어적 입질. 꼬리단미안됨. 털때탐.,341560201000002,한국동물구조관리협회,031-867-9119,경기도 양주시 남면 감악산로 63-37  ,김철훈,경기도 포천시,2024-01-17 00:00:00.0,보호기간종료.,,,,,,,,,,,,,,,,,,,,,,
441409202302141,20231230,마송리 564-1 공원 인근,[개] 시베리안 허스키,417000,개,000103,시베리안 허스키,검/흰,2018(년생),30(Kg),경기-김포-2024-00001,20240102,20240112,http://openapi.animal.go.kr/openapi/service/rest/fileDownloadSrvc/files/shelter/2023/11/202401021301213.jpg,,,종료(반환),M,Y,귀쫑긋. 코검정+분홍. 사람손탐/좋아함. 비만. 꼬리단미안됨. 털상태 양호. 칩있음.,341409201400001,한국동물구조관리협회,031-867-9119,경기도 양주시 남면 감악산로 63-37 (남면) ,김철훈,경기도 김포시,2024-01-05 00:00:00.0,,410097800328736,-,,,,,,,,,,,,,,,,,,,,
441374202301574,20231230,권선구 고색로32번길 36(고색동),[개] 스탠다드 푸들,417000,개,000105,스탠다드 푸들,검정색,2020(년생),20.10(Kg),경기-수원-2024-00002,20240102,20240112,http://openapi.animal.go.kr/openapi/service/rest/fileDownloadSrvc/files/shelter/2023/11/20240202190269.jpg,,,종료(기증),F,Y,"파란 목줄, 금장 목걸이 착용",341374202000001,수원시 동물보호센터,031-228-3557,"경기도 수원시 영통구 광교호수로 234 (하동, 수원시 동물보호센터) 하동 40-10",수원시장,경기도 수원시,2024-02-22 00:00:00.0,,,,,,,,,,,,,,,,,,,,,,,
441374202301573,20231230,팔달구 팔달문로139번길 3(우만동),[개] 비숑 프리제,417000,개,000018,비숑 프리제,흰색,2023(년생),4.20(Kg),경기-수원-2024-00001,20240102,20240112,http://openapi.animal.go.kr/openapi/service/rest/fileDownloadSrvc/files/shelter/2023/11/202401020901121.jpg,,,종료(입양),M,Y,"비숑 프리제, 입양완료(중성화수술 회복 후 인도예정)",341374202000001,수원시 동물보호센터,031-228-3557,"경기도 수원시 영통구 광교호수로 234 (하동, 수원시 동물보호센터) 하동 40-10",수원시장,경기도 수원시,2024-02-01 00:00:00.0,,,,,,,,,,,,,,,,,,,,,,,
430368202300673,20231230,덕암동 신탄진ic 주변,[개] 믹스견,417000,개,000114,믹스견,흑황,2021(년생),14(Kg),대전-대덕-2024-00001,20240102,20240112,http://openapi.animal.go.kr/openapi/service/rest/fileDownloadSrvc/files/shelter/2023/11/202401020901210.jpg,http://openapi.animal.go.kr/openapi/service/rest/fileDownloadSrvc/files/shelter/2023/11/202401031501289.jpg,,종료(입양),F,U, ,330368202000001,대전동물보호센터,042-825-1118,대전광역시 유성구 금남구즉로 1234 (금고동) 대전광역시 동물보호센터,대전광역시,대전광역시 대덕구,2025-01-08 13:58:57.0,,,,,,,,,,,,,,,,,,,,,,,
430366202300921,20231230,도솔로 350 인근 ,[개] 치와와,417000,개,000032,치와와,"흑색, 백색",2023(년생),3(Kg),대전-서구-2024-00002,20240102,20240112,http://openapi.animal.go.kr/openapi/service/rest/fileDownloadSrvc/files/shelter/2023/11/202401020901935.png,,,종료(반환),M,U,장모치와와,330366202000001,대전동물보호센터,042-825-1118,대전광역시 유성구 금남구즉로 1234 (금고동) 대전광역시 동물보호센터,대전광역시,대전광역시 서구,2024-01-03 00:00:00.0,,,,,,,,,,,,,,,,,,,,,,,
430364202300626,20231230,비룡동 519 인근,[개] 진도견,417000,개,000067,진도견,백색,2024(60일미만)(년생),4(Kg),대전-동구-2024-00001,20240102,20240112,http://openapi.animal.go.kr/openapi/service/rest/fileDownloadSrvc/files/shelter/2023/11/202401020901774.jpg,http://openapi.animal.go.kr/openapi/service/rest/fileDownloadSrvc/files/shelter/2023/11/202401031401819.jpg,,종료(입양),F,N, ,330364202000001,대전동물보호센터,042-825-1118,대전광역시 유성구 금남구즉로 1234 (금고동) 대전광역시 동물보호센터,대전광역시,대전광역시 동구,2024-03-13 00:00:00.0,,,,,,,,,,,,,,,,,,,,,,,
428351202301064,20231230,미추홀구 문학지구대,[개] 말티즈,417000,개,000072,말티즈,흰색,2013(년생),2.5(Kg),인천-미추홀-2024-00003,20240102,20240112,http://openapi.animal.go.kr/openapi/service/rest/fileDownloadSrvc/files/shelter/2023/11/202401011001125.jpg,,,종료(반환),M,N,카키색후드점퍼착용,328351200900001,경동동물병원,032-515-7567,인천광역시 중구 개항로 68 (경동) ,이광태,인천광역시 미추홀구,2024-02-15 00:00:00.0,,,,,,,,,,,,,,,,,,,,,,,
426335202300733,20231230,금정구청,[개] 미니어쳐 핀셔,417000,개,000077,미니어쳐 핀셔,검정+갈색,2021(년생),6(Kg),부산-금정-2024-00002,20240102,20240112,http://openapi.animal.go.kr/openapi/service/rest/fileDownloadSrvc/files/shelter/2023/11/202401021901354.jpg,http://openapi.animal.go.kr/openapi/service/rest/fileDownloadSrvc/files/shelter/2023/11/202401021901371.jpg,http://openapi.animal.go.kr/openapi/service/rest/fileDownloadSrvc/files/shelter/2023/11/202401021901381.jpg,종료(반환),F,U,"금목걸이, 줄무늬옷 착용, 순함, 겁 많음, 검정+갈색",326335201700001,동부동물보호협회,051-701-7599,부산광역시 해운대구 송정2로13번길 46 (송정동) ,장영철,부산광역시 금정구,2024-01-04 00:00:00.0,,,,,,,,,,,,,,,,,,,,,,,
426335202300732,20231230,서동로88번길 3-8,[개] 믹스견,417000,개,000114,믹스견,갈색,2012(년생),5(Kg),부산-금정-2024-00001,20240102,20240112,http://openapi.animal.go.kr/openapi/service/rest/fileDownloadSrvc/files/shelter/2023/11/202401021901793.jpg,http://openapi.animal.go.kr/openapi/service/rest/fileDownloadSrvc/files/shelter/2023/11/202401021901806.jpg,http://openapi.animal.go.kr/openapi/service/rest/fileDownloadSrvc/files/shelter/2023/11/202401021901815.jpg,종료(자연사),M,Y,"방울 달린 목줄 착용, 순함, 갈색",326335201700001,동부동물보호협회,051-701-7599,부산광역시 해운대구 송정2로13번길 46 (송정동) ,장영철,부산광역시 금정구,2024-04-25 00:00:00.0,,,,,,,,,,,,,,,,,,,,,,,
426332202300994,20231230,구만덕로59번길 42,[개] 믹스견,417000,개,000114,믹스견,검정&황색,2021(년생),9(Kg),부산-북구-2024-00008,20240102,20240112,http://openapi.animal.go.kr/openapi/service/rest/fileDownloadSrvc/files/shelter/2023/11/202401021401924.png,http://openapi.animal.go.kr/openapi/service/rest/fileDownloadSrvc/files/shelter/2024/03/202403281103715.jpeg,,종료(안락사),F,N,"들개서식지에서 구조, 경계심과 공격성이 강함, 진드기 도포, 북구1-174",326332201000001,부산동물보호센터,051-832-7119,부산광역시 강서구 맥도강변길 752-15 (대저2동) ,김영진,부산광역시 북구,2024-03-28 00:00:00.0,공격성,,,,,,,,,,,,,,,,,,,,,,
426332202300993,20231230,구만덕로59번길 42,[개] 믹스견,417000,개,000114,믹스견,흰색,2023(년생),12(Kg),부산-북구-2024-00007,20240102,20240112,http://openapi.animal.go.kr/openapi/service/rest/fileDownloadSrvc/files/shelter/2023/11/202401021401460.png,http://openapi.animal.go.kr/openapi/service/rest/fileDownloadSrvc/files/shelter/2024/03/202403281003522.png,,종료(안락사),M,N,"들개서식지에서 구조, 경계심과 공격성이 강함, 진드기도포, 북구1-173",326332201000001,부산동물보호센터,051-832-7119,부산광역시 강서구 맥도강변길 752-15 (대저2동) ,김영진,부산광역시 북구,2024-03-28 00:00:00.0,공격성,,,,,,,,,,,,,,,,,,,,,,
426330202300500,20231230,연안로59번길 28,[고양이] 믹스묘,422400,고양이,000212,믹스묘,검+갈+흰,2018(년생),1.3(Kg),부산-동래-2024-00001,20240102,20240112,http://openapi.animal.go.kr/openapi/service/rest/fileDownloadSrvc/files/shelter/2023/11/202401021601155.jpg,http://openapi.animal.go.kr/openapi/service/rest/fileDownloadSrvc/files/shelter/2023/11/202401021601166.jpg,http://openapi.animal.go.kr/openapi/service/rest/fileDownloadSrvc/files/shelter/2023/11/202401021601176.jpg,종료(자연사),F,U,"사고 의심, 구강내출혈, 기력 매우 저하",326330201300001,누리동물병원,051-701-7599,부산광역시 해운대구 송정2로13번길 46 (송정동) 누리동물병원,진승우,부산광역시 동래구,2024-01-09 00:00:00.0,,,,,,,,,,,,,,,,,,,,,,,
426327202300629,20231230,당직실,[고양이] 한국 고양이,422400,고양이,000200,한국 고양이,검은색,2024(60일미만)(년생),0.42(Kg),부산-동구-2024-00002,20240102,20240112,http://openapi.animal.go.kr/openapi/service/rest/fileDownloadSrvc/files/shelter/2023/11/202401021701979.jpg,,,종료(자연사),M,N,무리와 분리되어진 것으로 추정,326327201900002,사단법인 하얀비둘기,051-293-9779,부산광역시 강서구 제도로 726 (강동동) ,허영임,부산광역시 동구,2024-05-14 00:00:00.0,,,,,,,,,,,,,,,,,,,,,,,
426327202300628,20231230,당직실,[고양이] 한국 고양이,422400,고양이,000200,한국 고양이,검은색,2024(60일미만)(년생),0.45(Kg),부산-동구-2024-00001,20240102,20240112,http://openapi.animal.go.kr/openapi/service/rest/fileDownloadSrvc/files/shelter/2023/11/202401021701387.jpg,,,종료(자연사),M,N,무리와 분리되어진 것으로 추정,326327201900002,사단법인 하얀비둘기,051-293-9779,부산광역시 강서구 제도로 726 (강동동) ,허영임,부산광역시 동구,2024-05-14 00:00:00.0,,,,,,,,,,,,,,,,,,,,,,,
426325202300604,20231230,부산 중구 대청동4가 유한빌라,[고양이] 한국 고양이,422400,고양이,000200,한국 고양이,치즈,2024(년생),1(Kg),부산-중구-2024-00001,20240102,20240112,http://openapi.animal.go.kr/openapi/service/rest/fileDownloadSrvc/files/shelter/2023/11/202401021301591.jpg,http://openapi.animal.go.kr/openapi/service/rest/fileDownloadSrvc/files/shelter/2023/11/202401081001237.jpg,,종료(자연사),M,N,"길가에쓰러져있음,매우기력없음,중구2-194호",326325201300001,부산동물보호센터,051-832-7119,부산광역시 강서구 맥도강변길 752-15 (대저2동) ,김영진,부산광역시 중구,2024-01-08 00:00:00.0,돌연사,,,,,,,,,,,,,,,,,,,,,,
411312202300747,20231230,홍은동 산 11-96 백련산근린공원 내,[개] 믹스견,417000,개,000114,믹스견,흰,2024(년생),2.9(Kg),서울-서대문-2024-00002,20240102,20240112,http://openapi.animal.go.kr/openapi/service/rest/fileDownloadSrvc/files/shelter/2023/11/202401021301191.jpg,,,종료(안락사),F,U,귀접힘. 코팥죽색. 겁있음/만지는것가능. 꼬리단미안됨. 털상태양호.,311312201100001,한국동물구조관리협회,031-867-9119,경기도 양주시 남면 감악산로 63-37  ,김철훈,서울특별시 서대문구,2024-01-24 00:00:00.0,보호기간종료.,,,,,,,,,,,,,,,,,,,,,,
411312202300746,20231230,홍은동 산 11-96 백련산근린공원 내,[개] 믹스견,417000,개,000114,믹스견,흰,2024(년생),2.8(Kg),서울-서대문-2024-00001,20240102,20240112,http://openapi.animal.go.kr/openapi/service/rest/fileDownloadSrvc/files/shelter/2023/11/202401021301171.jpg,,,종료(안락사),M,N,귀접힘. 코검정. 겁있음/만지는것가능. 꼬리단미안됨. 도깨비마늘 오염.,311312201100001,한국동물구조관리협회,031-867-9119,경기도 양주시 남면 감악산로 63-37  ,김철훈,서울특별시 서대문구,2024-01-24 00:00:00.0,보호기간종료.,,,,,,,,,,,,,,,,,,,,,,
411309202300538,20231230,방학동 707-7 홈플러스방학점 인근,[개] 푸들,417000,개,000128,푸들,검,2016(년생),3.8(Kg),서울-도봉-2024-00001,20240102,20240112,http://openapi.animal.go.kr/openapi/service/rest/fileDownloadSrvc/files/shelter/2023/11/202401021301900.jpg,,,종료(반환),M,Y,귀접힘. 코검정. 겁있음/만지는것가능. 우안결막염. 꼬리단미됨. 털상태양호.,311309200900001,한국동물구조관리협회,031-867-9119,경기도 양주시 남면 상수리 410-1,김철훈,서울특별시 도봉구,2024-01-23 00:00:00.0,,,,,,,,,,,,,,,,,,,,,,,
448543202300293,20231230,경남 남해군 고현면 탑동로 76번길 하나로마트 인근,[개] 믹스견,417000,개,000114,믹스견,"흰색,황갈색",2022(년생),5(Kg),경남-남해-2024-00001,20240101,20240111,http://openapi.animal.go.kr/openapi/service/rest/fileDownloadSrvc/files/shelter/2023/11/202401011201357.jpg,,,종료(자연사),F,N,순함,348543201300001,남해군동물보호센터,055-862-5041,경상남도 남해군 이동면 남해대로 2449  동물보호센터,민성식,경상남도 남해군,2024-01-08 00:00:00.0,,,,,,,,,,,,,,,,,,,,,,,
428356202302145,20231230,서구청 당직실,[개] 믹스견,417000,개,000114,믹스견,흰,2022(년생),9(Kg),인천-서구-2024-00005,20240101,20240111,http://openapi.animal.go.kr/openapi/service/rest/fileDownloadSrvc/files/shelter/2023/11/202312301612736.jpg,http://openapi.animal.go.kr/openapi/service/rest/fileDownloadSrvc/files/shelter/2023/11/202312301612187.jpg,,종료(반환),F,U,순함. 겁많음. 입질가능성 있음. 옷착용. 목줄 착용.,328356201000001,가정동물병원,032-575-0833,인천광역시 서구 가정로 346 (가정동) ,양해용,인천광역시 서구,2024-01-01 00:00:00.0,,,,,,,,,,,,,,,,,,,,,,,
428356202302144,20231230,서구청 당직실,[개] 골든 리트리버,417000,개,000054,골든 리트리버,금색,2022(년생),35(Kg),인천-서구-2024-00004,20240101,20240111,http://openapi.animal.go.kr/openapi/service/rest/fileDownloadSrvc/files/shelter/2023/11/202312301612217.jpg,http://openapi.animal.go.kr/openapi/service/rest/fileDownloadSrvc/files/shelter/2023/11/202312301612603.jpg,,종료(반환),M,N,칩있음. 반환예정. 순함. 귀여움. 힘&#50068;.,328356201000001,가정동물병원,032-575-0833,인천광역시 서구 가정로 346 (가정동) ,양해용,인천광역시 서구,2024-01-01 00:00:00.0,,410160012805409,-,,,,,,,,,,,,,,,,,,,,
428356202302143,20231230,서구 마전동470-11동부건설,[개] 믹스견,417000,개,000114,믹스견,흰색,2024(60일미만)(년생),3.3(Kg),인천-서구-2024-00003,20240101,20240111,http://openapi.animal.go.kr/openapi/service/rest/fileDownloadSrvc/files/shelter/2023/11/20231230091264.jpg,http://openapi.animal.go.kr/openapi/service/rest/fileDownloadSrvc/files/shelter/2023/11/202401121001588.jpg,,종료(입양),F,N,"목줄없음,온순함",328356201600005,우리동물병원,032-566-0075,인천광역시 서구 서곶로 349 (연희동) 우리동물병원,배세진,인천광역시 서구,2024-06-18 00:00:00.0,,,,,,,,,,,,,,,,,,,,,,,
428356202302142,20231230,서구 마전동470-11동부건설,[개] 믹스견,417000,개,000114,믹스견,흰색,2024(60일미만)(년생),3.3(Kg),인천-서구-2024-00002,20240101,20240111,http://openapi.animal.go.kr/openapi/service/rest/fileDownloadSrvc/files/shelter/2023/11/202312300912909.jpg,http://openapi.animal.go.kr/openapi/service/rest/fileDownloadSrvc/files/shelter/2023/11/202401121001124.jpg,,종료(입양),F,N,"목줄없음,온순함",328356201600005,우리동물병원,032-566-0075,인천광역시 서구 서곶로 349 (연희동) 우리동물병원,배세진,인천광역시 서구,2024-01-12 00:00:00.0,,,,,,,,,,,,,,,,,,,,,,,
428356202302141,20231230,서구 마전동470-11동부건설,[개] 믹스견,417000,개,000114,믹스견,흰색,2024(60일미만)(년생),3.2(Kg),인천-서구-2024-00001,20240101,20240111,http://openapi.animal.go.kr/openapi/service/rest/fileDownloadSrvc/files/shelter/2023/11/202312300912456.jpg,http://openapi.animal.go.kr/openapi/service/rest/fileDownloadSrvc/files/shelter/2023/11/202401121001666.jpg,,종료(입양),M,N,"목줄없음,온순함",328356201600005,우리동물병원,032-566-0075,인천광역시 서구 서곶로 349 (연희동) 우리동물병원,배세진,인천광역시 서구,2024-01-12 00:00:00.0,,,,,,,,,,,,,,,,,,,,,,,
427344202300423,20231230,대덕초등 부근,[개] 믹스견,417000,개,000114,믹스견,흰+갈색,2018(년생),6(Kg),대구-남구-2024-00002,20240101,20240111,http://openapi.animal.go.kr/openapi/service/rest/fileDownloadSrvc/files/shelter/2023/11/202401011001436.jpg,http://openapi.animal.go.kr/openapi/service/rest/fileDownloadSrvc/files/shelter/2023/11/202401021701794.jpg,http://openapi.animal.go.kr/openapi/service/rest/fileDownloadSrvc/files/shelter/2023/11/202401150901714.jpg,종료(자연사),M,N,"검정 목줄 착용, 뒷다리 골절",327344201600001,대구유기동물보호협회,053-964-6258,대구광역시 동구 금강로 151-13 (금강동) ,임규호,대구광역시 남구,2024-01-15 00:00:00.0,,,,,,,,,,,,,,,,,,,,,,,
427344202300422,20231230,앞산 네거리,[고양이] 한국 고양이,422400,고양이,000200,한국 고양이,흰+노랑,2023(년생),2.8(Kg),대구-남구-2024-00001,20240101,20240111,http://openapi.animal.go.kr/openapi/service/rest/fileDownloadSrvc/files/shelter/2023/11/202401010901818.jpg,http://openapi.animal.go.kr/openapi/service/rest/fileDownloadSrvc/files/shelter/2023/11/202401021701216[1].jpg,http://openapi.animal.go.kr/openapi/service/rest/fileDownloadSrvc/files/shelter/2023/11/202401030901249.jpg,종료(자연사),M,N,"교통사고, 의식 없음",327344201600001,대구유기동물보호협회,053-964-6258,대구광역시 동구 금강로 151-13 (금강동) ,임규호,대구광역시 남구,2024-01-03 00:00:00.0,,,,,,,,,,,,,,,,,,,,,,,
427342202300799,20231230,팔공산 부인사 앞,[고양이] 한국 고양이,422400,고양이,000200,한국 고양이,삼색,2022(년생),4(Kg),대구-동구-2024-00001,20240101,20240111,http://openapi.animal.go.kr/openapi/service/rest/fileDownloadSrvc/files/shelter/2023/11/202401011001585.jpg,http://openapi.animal.go.kr/openapi/service/rest/fileDownloadSrvc/files/shelter/2023/11/202401021701663.jpg,http://openapi.animal.go.kr/openapi/service/rest/fileDownloadSrvc/files/shelter/2023/11/202401031101156.jpg,종료(자연사),F,N,"교통사고, 의식 없음",327342201400001,대구유기동물보호센터,053-964-6258,대구광역시 동구 금강로 151-13 (금강동) ,임규호,대구광역시 동구,2024-01-03 00:00:00.0,,,,,,,,,,,,,,,,,,,,,,,
448531202303761,20231230,진주시 정촌면 화개리 1276-1,[개] 믹스견,417000,개,000114,믹스견,갈색,2019(년생),14.5(Kg),경남-진주-2023-00677,20231231,20240110,http://openapi.animal.go.kr/openapi/service/rest/fileDownloadSrvc/files/shelter/2023/11/202312311112851.jpg,,,종료(반환),F,N,"사람좋아함,4살 추정,체인 쇠목줄 착용",348531201000001,진주시동물보호센터,055-749-6134,"경상남도 진주시 집현면 신당길207번길 22 (집현면, 지역농업개발시설) ",농업기술센터소장,경상남도 진주시,2024-01-04 00:00:00.0,,,,,,,,,,,,,,,,,,,,,,,
446483202301928,20231230,나주시 산포면 산제리144-1 호스공장,[개] 믹스견,417000,개,000114,믹스견,검정,2016(년생),26(Kg),전남-나주-2023-01581,20231231,20240110,http://openapi.animal.go.kr/openapi/service/rest/fileDownloadSrvc/files/shelter/2023/11/202312311712317.jpg,http://openapi.animal.go.kr/openapi/service/rest/fileDownloadSrvc/files/shelter/2023/11/20231231171237.jpg,,종료(자연사),M,N,매일 공장으로 출몰포획구조,346483202100001,나주유기동물보호센터,010-2331-7377,전라남도 나주시 산포면 내기3길 71-43 [*미고시] ,조왕애,전라남도 나주시,2024-01-30 00:00:00.0,장염설사로인하여폐사,,,,,,,,,,,,,,,,,,,,,,
446483202301927,20231230,나주시 대호동 서진축산앞,[개] 믹스견,417000,개,000114,믹스견,흰검,2023(60일미만)(년생),26(Kg),전남-나주-2023-01580,20231231,20240110,http://openapi.animal.go.kr/openapi/service/rest/fileDownloadSrvc/files/shelter/2023/11/202312311712412.jpg,http://openapi.animal.go.kr/openapi/service/rest/fileDownloadSrvc/files/shelter/2023/11/202312311712900.jpg,http://openapi.animal.go.kr/openapi/service/rest/fileDownloadSrvc/files/shelter/2023/11/202312311712202.jpg,종료(입양),M,N,대호동 서진축산앞구조,346483202100001,나주유기동물보호센터,010-2331-7377,전라남도 나주시 산포면 내기3길 71-43 [*미고시] ,조왕애,전라남도 나주시,2024-01-30 00:00:00.0,,,,,,,,,,,,,,,,,,,,,,,
446481202301052,20231230,신월동 히든베이 인근,[개] 푸들,417000,개,000128,푸들,검정색,2020(년생),6.8(Kg),전남-여수-2023-00687,20231231,20240110,http://openapi.animal.go.kr/openapi/service/rest/fileDownloadSrvc/files/shelter/2023/11/202312310912131.jpg,,,종료(반환),M,N,목띠 착용. 인식표 착용. 견주 확인 인계,346481200900001,반려동물보호센터,061-659-2474,전라남도 여수시 여수산단로 292-62 (평여동) 반려동물보호센터,여수시청,전라남도 여수시,2023-12-31 00:00:00.0,,410160011883699,-,,,,,,,,,,,,,,,,,,,,
442418202301158,20231230,방송길 36번길 56,[개] 골든 리트리버,417000,개,000054,골든 리트리버,연갈색,2022(년생),20(Kg),강원-춘천-2023-00593,20231231,20240110,http://openapi.animal.go.kr/openapi/service/rest/fileDownloadSrvc/files/shelter/2023/11/202312311012300.jpg,,,종료(반환),M,U,온순함.,342418201300001,춘천시 동물보호센터,033-245-5351,강원도 춘천시 신북읍 영서로 3282 (신북읍) (전)102보충대 주차장,춘천시장,강원특별자치도 춘천시,2023-12-31 00:00:00.0,,,,,,,,,,,,,,,,,,,,,,,
442418202301157,20231230,학곡서2길 7,[개] 진도견,417000,개,000067,진도견,흰색,2023(년생),18(Kg),강원-춘천-2023-00592,20231231,20240110,http://openapi.animal.go.kr/openapi/service/rest/fileDownloadSrvc/files/shelter/2023/11/202312311012641.jpg,,,종료(반환),M,U,"온순함, 검정목줄, 칩있음",342418201300001,춘천시 동물보호센터,033-245-5351,강원도 춘천시 신북읍 영서로 3282 (신북읍) (전)102보충대 주차장,춘천시장,강원특별자치도 춘천시,2024-01-02 00:00:00.0,,410160010580367,-,,,,,,,,,,,,,,,,,,,,
448548202300750,20231230,가야면,[개] 믹스견,417000,개,000114,믹스견,갈색,2023(년생),2(Kg),경남-합천-2023-00568,20231230,20240109,http://openapi.animal.go.kr/openapi/service/rest/fileDownloadSrvc/files/shelter/2023/11/202312301312239.jpg,,,종료(안락사),M,N,마을배회,348548201700001,태민동물보호센터,010-2868-2108,"경상남도 합천군 합천읍 옥산로 16 (합천읍, 까치빌라) 태민동물병원",성태민,경상남도 합천군,2024-02-12 00:00:00.0,,,,,,,,,,,,,,,,,,,,,,,
448548202300749,20231230,가야면,[개] 믹스견,417000,개,000114,믹스견,갈색,2023(년생),2(Kg),경남-합천-2023-00567,20231230,20240109,http://openapi.animal.go.kr/openapi/service/rest/fileDownloadSrvc/files/shelter/2023/11/202312301312442.jpg,,,종료(안락사),M,N,마을배회 ,348548201700001,태민동물보호센터,010-2868-2108,"경상남도 합천군 합천읍 옥산로 16 (합천읍, 까치빌라) 태민동물병원",성태민,경상남도 합천군,2024-02-12 00:00:00.0,,,,,,,,,,,,,,,,,,,,,,,
448548202300748,20231230,가야면,[개] 믹스견,417000,개,000114,믹스견,검은색,2023(년생),3(Kg),경남-합천-2023-00566,20231230,20240109,http://openapi.animal.go.kr/openapi/service/rest/fileDownloadSrvc/files/shelter/2023/11/202312301312979.jpg,,,종료(안락사),F,N,마을배회,348548201700001,태민동물보호센터,010-2868-2108,"경상남도 합천군 합천읍 옥산로 16 (합천읍, 까치빌라) 태민동물병원",성태민,경상남도 합천군,2024-02-12 00:00:00.0,,,,,,,,,,,,,,,,,,,,,,,
448548202300747,20231230,가야면,[개] 믹스견,417000,개,000114,믹스견,갈색,2023(년생),7(Kg),경남-합천-2023-00565,20231230,20240109,http://openapi.animal.go.kr/openapi/service/rest/fileDownloadSrvc/files/shelter/2023/11/202312301212939.jpg,,,종료(자연사),M,N,마을배회,348548201700001,태민동물보호센터,010-2868-2108,"경상남도 합천군 합천읍 옥산로 16 (합천읍, 까치빌라) 태민동물병원",성태민,경상남도 합천군,2024-03-15 00:00:00.0,,,,,,,,,,,,,,,,,,,,,,,
448548202300746,20231230,가야면,[개] 믹스견,417000,개,000114,믹스견,갈색,2023(년생),3(Kg),경남-합천-2023-00564,20231230,20240109,http://openapi.animal.go.kr/openapi/service/rest/fileDownloadSrvc/files/shelter/2023/11/202312301212712.jpg,,,종료(안락사),M,N,마을배회,348548201700001,태민동물보호센터,010-2868-2108,"경상남도 합천군 합천읍 옥산로 16 (합천읍, 까치빌라) 태민동물병원",성태민,경상남도 합천군,2024-02-12 00:00:00.0,,,,,,,,,,,,,,,,,,,,,,,
448537202301180,20231230,연초면,[개] 골든 리트리버,417000,개,000054,골든 리트리버,갈색,2017(년생),50(Kg),경남-거제-2023-00692,20231230,20240109,http://openapi.animal.go.kr/openapi/service/rest/fileDownloadSrvc/files/shelter/2023/11/20231230131283.jpg,,,종료(반환),Q,U,"순함, 덩치큼",348537200900002,거제시동물보호센터,055-639-6368,경상남도 거제시 사등면 두동로1길 107  거제시동물보호센터,거제시청,경상남도 거제시,2024-01-01 00:00:00.0,,,,,,,,,,,,,,,,,,,,,,,
448531202303760,20231230,진주시 이반성면 길성리 890-6,[개] 믹스견,417000,개,000114,믹스견,갈색+흰색+검정색,2018(년생),8.6(Kg),경남-진주-2023-00676,20231230,20240109,http://openapi.animal.go.kr/openapi/service/rest/fileDownloadSrvc/files/shelter/2023/11/202312301912666.jpg,,,종료(안락사),M,N,"사람좋아함, 1개월 추정",348531201000001,진주시동물보호센터,055-749-6134,"경상남도 진주시 집현면 신당길207번길 22 (집현면, 지역농업개발시설) ",농업기술센터소장,경상남도 진주시,2024-07-23 00:00:00.0,,,,,,,,,,,,,,,,,,,,,,,
448531202303759,20231230,진주시 이반성면 길성리 890-6,[개] 믹스견,417000,개,000114,믹스견,검정색+갈색,2017(년생),25.3(Kg),경남-진주-2023-00675,20231230,20240109,http://openapi.animal.go.kr/openapi/service/rest/fileDownloadSrvc/files/shelter/2023/11/202312301912838.jpg,,,종료(안락사),M,N,겁많고 소심하며 자기방어적임,348531201000001,진주시동물보호센터,055-749-6134,"경상남도 진주시 집현면 신당길207번길 22 (집현면, 지역농업개발시설) ",농업기술센터소장,경상남도 진주시,2024-01-30 00:00:00.0,인도적 처리,,,,,,,,,,,,,,,,,,,,,,
447513202301375,20231230,자인 계림리,[고양이] 한국 고양이,422400,고양이,000200,한국 고양이,고등어 태비,2023(년생),1.24(Kg),경북-경산-2023-00757,20231230,20240109,http://openapi.animal.go.kr/openapi/service/rest/fileDownloadSrvc/files/shelter/2023/11/202312302012128.jpg,,,종료(입양),F,N,"생후 4개월령 추정, 고등어 태비, 감기, 허피스 바이러스 감염",347513201800003,경산시유기동물보호소,010-2536-0955,경상북도 경산시 용성면 사양지길 95 (용성면) ,박병용,경상북도 경산시,2024-01-17 00:00:00.0,,,,,,,,,,,,,,,,,,,,,,,
447513202301374,20231230,하양 도리리,[고양이] 한국 고양이,422400,고양이,000200,한국 고양이,고등어 태비,2023(년생),0.7(Kg),경북-경산-2023-00756,20231230,20240109,http://openapi.animal.go.kr/openapi/service/rest/fileDownloadSrvc/files/shelter/2023/11/202312302012619.jpg,,,종료(입양),F,N,"생후 70일령 추정, 우측 안와부종, 고름이 차 있음, 허피스 바이러스 양성",347513201800003,경산시유기동물보호소,010-2536-0955,경상북도 경산시 용성면 사양지길 95 (용성면) ,박병용,경상북도 경산시,2024-01-10 00:00:00.0,,,,,,,,,,,,,,,,,,,,,,,
447513202301373,20231230,용성 송림리,[개] 믹스견,417000,개,000114,믹스견,"흰색, 크림색",2018(년생),13.6(Kg),경북-경산-2023-00755,20231230,20240109,http://openapi.animal.go.kr/openapi/service/rest/fileDownloadSrvc/files/shelter/2023/11/202312302012612.jpg,,,종료(안락사),F,N,인근 동네에서 배회하여 구조,347513201800003,경산시유기동물보호소,010-2536-0955,경상북도 경산시 용성면 사양지길 95 (용성면) ,박병용,경상북도 경산시,2024-02-08 00:00:00.0,사람 및 동물 공격 (교상가함),,,,,,,,,,,,,,,,,,,,,,
447513202301369,20231230,백천동,[개] 믹스견,417000,개,000114,믹스견,"흰색, 갈색",2022(년생),15(Kg),경북-경산-2023-00751,20231230,20240109,http://openapi.animal.go.kr/openapi/service/rest/fileDownloadSrvc/files/shelter/2023/11/202312302012714.jpg,,,종료(안락사),M,N,"노란색 줄무늬가 있는 청색 목태착용, 인근 아파트 단지내에서 구조, 좌측전지, 우측후지 경미한 외상",347513201800003,경산시유기동물보호소,010-2536-0955,경상북도 경산시 용성면 사양지길 95 (용성면) ,박병용,경상북도 경산시,2024-05-14 00:00:00.0,사람 및 동물공격 (교상가함),,,,,,,,,,,,,,,,,,,,,,
447513202301368,20231230,남천 삼성리,[개] 스피츠,417000,개,000124,스피츠,흰색,2021(년생),3.5(Kg),경북-경산-2023-00750,20231230,20240109,http://openapi.animal.go.kr/openapi/service/rest/fileDownloadSrvc/files/shelter/2023/11/202312302012351.jpg,,,종료(입양),M,N,인근 가정집에 들어와서 구조,347513201800003,경산시유기동물보호소,010-2536-0955,경상북도 경산시 용성면 사양지길 95 (용성면) ,박병용,경상북도 경산시,2024-02-06 00:00:00.0,,,,,,,,,,,,,,,,,,,,,,,
447508202301040,20231230,황상1주공 앞 세븐일레븐,[개] 웰시 코기 카디건,417000,개,000205,웰시 코기 카디건,"흰,갈",2020(년생),9.5(Kg),경북-구미-2023-00455,20231230,20240111,http://openapi.animal.go.kr/openapi/service/rest/fileDownloadSrvc/files/shelter/2023/11/202312301412269.png,,,종료(반환),M,N,사람을 잘 따르고 좋아함,347508202300005,반려동물 입양센터,054-716-0211,경상북도 구미시 인동22길 43-4 (진평동) ,최승훈,경상북도 구미시,2023-12-30 00:00:00.0,,,,,,,,,,,,,,,,,,,,,,,
447508202301039,20231230,진평동  212번지,[개] 말티푸,417000,개,000115,기타,"흰,갈",2023(년생),3.2(Kg),경북-구미-2023-00454,20231230,20240111,http://openapi.animal.go.kr/openapi/service/rest/fileDownloadSrvc/files/shelter/2023/11/202312301412780.png,,,종료(입양),M,N,"초록색 목줄 착용, 사람을 잘 따르고 활발함",347508202300005,반려동물 입양센터,054-716-0211,경상북도 구미시 인동22길 43-4 (진평동) ,최승훈,경상북도 구미시,2024-01-12 00:00:00.0,,,,,,,,,,,,,,,,,,,,,,,
447508202301038,20231230,고아읍 원대로 343번지,[개] 믹스견,417000,개,000114,믹스견,갈색,2019(년생),7.5(Kg),경북-구미-2023-00453,20231230,20240111,http://openapi.animal.go.kr/openapi/service/rest/fileDownloadSrvc/files/shelter/2023/11/202312301112806.jpg,http://openapi.animal.go.kr/openapi/service/rest/fileDownloadSrvc/files/shelter/2023/11/202312301112217.jpg,,종료(안락사),F,N,오른쪽 눈 실명상태,347508202000001,구미시 동물보호센터,054-471-5718,경상북도 구미시 옥성면 선상동로 1358  애니멀 케어 센터,구미시장,경상북도 구미시,2024-06-23 00:00:00.0,건강상태악화,,,,,,,,,,,,,,,,,,,,,,
447505202301827,20231230,동성로 112,[개] 시바,417000,개,000100,시바,"검정, 흰색",2014(년생),20(Kg),경북-경주-2023-01290,20231230,20240109,http://openapi.animal.go.kr/openapi/service/rest/fileDownloadSrvc/files/shelter/2023/11/202312301112884.jpg,,,종료(반환),M,Y,주인에게 반환 예정,347505201700001,경주동물사랑보호센터,010-8889-2883,경상북도 경주시 천북면 천북로 8-4  경주시 동물사랑보호센터,경주시장,경상북도 경주시,2023-12-30 00:00:00.0,,410160020136305,-,,,,,,,,,,,,,,,,,,,,
447502202302268,20231230,경상북도 포항시 남구 희망대로 1040 포항운하관,[개] 치와와,417000,개,000032,치와와,황백흑,2022(년생),2.4(Kg),경북-포항-2023-01240,20231230,20240109,http://openapi.animal.go.kr/openapi/service/rest/fileDownloadSrvc/files/shelter/2023/11/202312301412882.jpg,,,종료(입양),M,N,"빨간색 옷 착용, 혀가 멜롱~ 나와있는 타입, 반짝이는 눈이 넘나 이쁨, 빨리 찾으러와주세요~",347502201600001,(사)영일동물플러스,054-262-8295,경상북도 포항시 북구 흥해읍 덕장길 224 (흥해읍) ,김태연,경상북도 포항시,2024-01-13 00:00:00.0,,,,,,,,,,,,,,,,,,,,,,,
446482202301300,20231230,두산위브 앞 신협,[개] 믹스견,417000,개,000114,믹스견,"흰색, 귀 갈색",2019(년생),6.6(Kg),전남-순천-2023-00804,20231230,20240109,http://openapi.animal.go.kr/openapi/service/rest/fileDownloadSrvc/files/shelter/2023/11/202312301712445.jpg,http://openapi.animal.go.kr/openapi/service/rest/fileDownloadSrvc/files/shelter/2023/11/202312301712677.jpg,,종료(반환),M,N,"심장사상충-양성,종합백신접종,코로나접종,광견병접종,데피니트,스팟라인",346482201600003,순천시유기동물보호소,061-749-8793,"전라남도 순천시 승주읍 승주로 628 (승주읍, 농업기술센터) 순천시유기동물보호소",순천시 동물자원과,전라남도 순천시,2024-01-15 00:00:00.0,,410160012600920,,,,,,,,,,,,,,,,,,,,,
445464202304009,20231230,한국농수산대학,[개] 믹스견,417000,개,000114,믹스견,"흰색, 검은색",2023(60일미만)(년생),1.5(Kg),전북-전주-2023-01870,20231230,20240108,http://openapi.animal.go.kr/openapi/service/rest/fileDownloadSrvc/files/shelter/2023/11/202312301912394.jpg,http://openapi.animal.go.kr/openapi/service/rest/fileDownloadSrvc/files/shelter/2023/11/202312301912433.jpg,http://openapi.animal.go.kr/openapi/service/rest/fileDownloadSrvc/files/shelter/2023/11/202312301912622.jpg,종료(입양),F,N,사람손을 잘 타고 양쪽 눈 주변 검정털,345464201700001,링크늘푸른동물병원,063-281-0075,전라북도 전주시 완산구 서원로 225 (중화산동2가) ,이상훈,전북특별자치도 전주시,2024-01-10 00:00:00.0,,,,,,,,,,,,,,,,,,,,,,,
445464202304008,20231230,중산초등학교,[개] 말티즈,417000,개,000072,말티즈,흰색,2019(년생),2.6(Kg),전북-전주-2023-01869,20231230,20240108,http://openapi.animal.go.kr/openapi/service/rest/fileDownloadSrvc/files/shelter/2023/11/20231230171246.jpg,http://openapi.animal.go.kr/openapi/service/rest/fileDownloadSrvc/files/shelter/2023/11/20231230171273.jpg,http://openapi.animal.go.kr/openapi/service/rest/fileDownloadSrvc/files/shelter/2023/11/20231230171297.jpg,종료(입양),M,N,"순함, 얌전함",345464202200001,효자동물병원,063-224-6672,전라북도 전주시 완산구 백제대로 121 (효자동1가) ,송태섭,전북특별자치도 전주시,2024-01-10 00:00:00.0,,,,,,,,,,,,,,,,,,,,,,,
445464202304007,20231230,대성동 왕의지밀 주차장,[개] 믹스견,417000,개,000114,믹스견,갈색,2023(60일미만)(년생),1(Kg),전북-전주-2023-01868,20231230,20240108,http://openapi.animal.go.kr/openapi/service/rest/fileDownloadSrvc/files/shelter/2023/11/202312301312119.jpg,http://openapi.animal.go.kr/openapi/service/rest/fileDownloadSrvc/files/shelter/2023/11/202312301312143.jpg,http://openapi.animal.go.kr/openapi/service/rest/fileDownloadSrvc/files/shelter/2023/11/202312301312170.jpg,종료(입양),M,N,5마리 함께 발견 ,345464201100001,박영재동물병원,063-284-7774,전라북도 전주시 완산구 전주천서로 111 (서서학동) ,박영재,전북특별자치도 전주시,2024-01-09 00:00:00.0,,,,,,,,,,,,,,,,,,,,,,,
445464202304006,20231230,대성동 왕의지밀 주차장,[개] 믹스견,417000,개,000114,믹스견,크림,2023(60일미만)(년생),0.6(Kg),전북-전주-2023-01867,20231230,20240108,http://openapi.animal.go.kr/openapi/service/rest/fileDownloadSrvc/files/shelter/2023/11/202312301312743.jpg,http://openapi.animal.go.kr/openapi/service/rest/fileDownloadSrvc/files/shelter/2023/11/202312301312769.jpg,http://openapi.animal.go.kr/openapi/service/rest/fileDownloadSrvc/files/shelter/2023/11/202312301312790.jpg,종료(입양),F,N,5마리 함께 발견 ,345464201100001,박영재동물병원,063-284-7774,전라북도 전주시 완산구 전주천서로 111 (서서학동) ,박영재,전북특별자치도 전주시,2024-01-09 00:00:00.0,,,,,,,,,,,,,,,,,,,,,,,
445464202304005,20231230,대성동 왕의지밀 주차장,[개] 믹스견,417000,개,000114,믹스견,갈색 ,2023(60일미만)(년생),0.7(Kg),전북-전주-2023-01866,20231230,20240108,http://openapi.animal.go.kr/openapi/service/rest/fileDownloadSrvc/files/shelter/2023/11/202312301212569.jpg,http://openapi.animal.go.kr/openapi/service/rest/fileDownloadSrvc/files/shelter/2023/11/202312301212595.jpg,http://openapi.animal.go.kr/openapi/service/rest/fileDownloadSrvc/files/shelter/2023/11/202312301212616.jpg,종료(입양),F,N,5마리 함께 발견 ,345464201100001,박영재동물병원,063-284-7774,전라북도 전주시 완산구 전주천서로 111 (서서학동) ,박영재,전북특별자치도 전주시,2024-01-09 00:00:00.0,,,,,,,,,,,,,,,,,,,,,,,
445464202304004,20231230,대성동 왕의지밀 주차장,[개] 믹스견,417000,개,000114,믹스견,갈색,2024(60일미만)(년생),0.7(Kg),전북-전주-2023-01865,20231230,20240108,http://openapi.animal.go.kr/openapi/service/rest/fileDownloadSrvc/files/shelter/2023/11/202312301212724.jpg,http://openapi.animal.go.kr/openapi/service/rest/fileDownloadSrvc/files/shelter/2023/11/202312301212751.jpg,http://openapi.animal.go.kr/openapi/service/rest/fileDownloadSrvc/files/shelter/2023/11/202312301212773.jpg,종료(입양),F,N,5마리 함께 발견 ,345464201100001,박영재동물병원,063-284-7774,전라북도 전주시 완산구 전주천서로 111 (서서학동) ,박영재,전북특별자치도 전주시,2024-04-12 00:00:00.0,,,,,,,,,,,,,,,,,,,,,,,
445464202304003,20231230,대성동 왕의지밀 주차장,[개] 믹스견,417000,개,000114,믹스견,갈색,2023(60일미만)(년생),0.7(Kg),전북-전주-2023-01864,20231230,20240108,http://openapi.animal.go.kr/openapi/service/rest/fileDownloadSrvc/files/shelter/2023/11/202312301212803.jpg,http://openapi.animal.go.kr/openapi/service/rest/fileDownloadSrvc/files/shelter/2023/11/202312301212853.jpg,http://openapi.animal.go.kr/openapi/service/rest/fileDownloadSrvc/files/shelter/2023/11/202312301212890.jpg,종료(입양),F,N,5마리 함께 발견,345464201100001,박영재동물병원,063-284-7774,전라북도 전주시 완산구 전주천서로 111 (서서학동) ,박영재,전북특별자치도 전주시,2024-01-09 00:00:00.0,,,,,,,,,,,,,,,,,,,,,,,
445464202304002,20231230,장승배기로 398,[고양이] 한국 고양이,422400,고양이,000200,한국 고양이,삼색,2023(60일미만)(년생),0.4(Kg),전북-전주-2023-01863,20231230,20240108,http://openapi.animal.go.kr/openapi/service/rest/fileDownloadSrvc/files/shelter/2023/11/202312301112247[1].jpg,http://openapi.animal.go.kr/openapi/service/rest/fileDownloadSrvc/files/shelter/2023/11/202312301112387.jpg,http://openapi.animal.go.kr/openapi/service/rest/fileDownloadSrvc/files/shelter/2023/11/202312301112451.jpg,종료(자연사),F,N,"눈꼽, 후구마비",345464201200001,행복한동물병원,063-244-0090,전라북도 전주시 덕진구 인후동1가 806-6,김창진,전북특별자치도 전주시,2024-01-02 00:00:00.0,교통사고,,,,,,,,,,,,,,,,,,,,,,
444568202301231,20231230,당진시 읍내동 1143-1,[개] 믹스견,417000,개,000114,믹스견,흰.검.회,2018(년생),4.30(Kg),충남-당진-2023-00550,20231230,20240108,http://openapi.animal.go.kr/openapi/service/rest/fileDownloadSrvc/files/shelter/2023/11/20231230151290.jpg,,,종료(입양),M,U,"입양확정. 사람 좋아함,견주 통화완료",344568201700001,당진시동물보호소,041-356-8210,충청남도 당진시 고대면 삼포길 180  ,당진시장,충청남도 당진시,2024-01-21 00:00:00.0,,,,,,,,,,,,,,,,,,,,,,,
443571202303366,20231230,미원면 가양길 98-2,[개] 진도견,417000,개,000067,진도견,흰색,2021(년생),17(Kg),충북-청주-2023-01250,20231230,20240109,http://openapi.animal.go.kr/openapi/service/rest/fileDownloadSrvc/files/shelter/2023/11/202312301612782.jpg,,,종료(입양),M,N,"파란색 목줄, 쇠 리드줄, 겁많으나 순함, 오래 떠돌아 다녔으며 살짝 마른 상태",343571201600001,반려동물보호센터,043-201-2298,충청북도 청주시 흥덕구 강내면 서부로 411-23  청주시 반려동물 보호센터,청주시청,충청북도 청주시,2025-07-01 17:07:15.0,,,,,,,,,,,,,,,,,,,,,,,
443571202303365,20231230,수곡동 33-37,[개] 믹스견,417000,개,000114,믹스견,갈색,2018(년생),7(Kg),충북-청주-2023-01249,20231230,20240109,http://openapi.animal.go.kr/openapi/service/rest/fileDownloadSrvc/files/shelter/2023/11/202312301012163.jpg,,,종료(반환),F,U,"파란 목줄, 쇠 리드줄 착용, 매우 순함",343571201600001,반려동물보호센터,043-201-2298,충청북도 청주시 흥덕구 강내면 서부로 411-23  청주시 반려동물 보호센터,청주시청,충청북도 청주시,2023-12-31 00:00:00.0,,,,,,,,,,,,,,,,,,,,,,,
441403202300502,20231230,의왕시도시농업과에서 인수,[개] 시츄,417000,개,000101,시츄,회백,2019(년생),6(Kg),경기-의왕-2023-00140,20231230,20240109,http://openapi.animal.go.kr/openapi/service/rest/fileDownloadSrvc/files/shelter/2023/11/202312301312468.jpg,http://openapi.animal.go.kr/openapi/service/rest/fileDownloadSrvc/files/shelter/2023/11/202312301312379.jpg,,종료(반환),F,U,"빨간옷, 빨간하네스, 칩있음",341403202100001,한국야생동물보호협회,031-296-0124,경기도 안산시 상록구 청곡길 50 (부곡동) ,박한웅,경기도 의왕시,2023-12-30 00:00:00.0,,410097800141604,-,,,,,,,,,,,,,,,,,,,,
441402202300616,20231230,당산로49 부근,[개] 믹스견,417000,개,000114,믹스견,백,2013(년생),16(Kg),경기-군포-2023-00166,20231230,20240111,http://openapi.animal.go.kr/openapi/service/rest/fileDownloadSrvc/files/shelter/2023/11/20231230151279.jpg,,,종료(반환),F,U,"검정목줄, 백내장, 노견이라 기력이 좋지않음",341402202100001,한국야생동물보호협회,031-296-0124,경기도 안산시 상록구 청곡길 50 (부곡동) ,박한웅,경기도 군포시,2024-01-02 00:00:00.0,,,,,,,,,,,,,,,,,,,,,,,
441401202301959,20231230,논곡동 160-59,[개] 시베리안 허스키,417000,개,000103,시베리안 허스키,"흰색, 검정",2022(년생),23(Kg),경기-시흥-2023-00924,20231230,20240109,http://openapi.animal.go.kr/openapi/service/rest/fileDownloadSrvc/files/shelter/2024/09/202410111710118.jpg,,,종료(기증),M,N,"사람을 좋아하는 순한 애교쟁이, 늠름한 표정이 멋진 아이 ",341401202200001,시흥동물누리보호센터,031-310-6945,경기도 시흥시 뒷방울길 218 (정왕동) ,시흥시,경기도 시흥시,2024-12-12 09:10:53.0,,,,http://openapi.animal.go.kr/openapi/service/rest/fileDownloadSrvc/files/shelter/2024/09/202410111710134.jpg,시흥시 동물누리보호센터 입양 절차,20260101,20270315,"▶ 공고기간 중에도 입양 신청 가능하며 특정 아이에게 신청이 몰리는 경우, 최대 5명까지 서류를 접수 받은 후    입양자를 선정합니다.   - 진행 상황은 카페를 통해 확인하실 수 있습니다.※ 모든 아이들은 공고기간이 지난 후 입양이 가능합니다.▶ 공고기간이 지난 아이들은 빠른 입양을 위해 신청한 순서대로 상담이 진행되어 입양처가 확정 됩니다.   (신청서 작성한 순서가 아닌 방문상담을 기준으로 합니다.)▶ 입양 전 1회, 입양 당일 1회 총 2회는 필수로 방문해주셔야 합니다.   - 이메일로 사전 입양 신청 후 방문하시면 더 자세한 상담이 가능합니다(수료증 첨부 필수).   - 방문을 예약제로 운영하고 있으니 전화 또는 카카오톡으로 예약 문의 바랍니다.▶ 작성한 입양 설문지를 토대로 검토하여 가장 적합한 가정을 선정합니다.   - 상담에는 개인정보가 포함되어 있으며 비공개로 진행됩니다.     입양상담에 미동의하는 경우 입양이 제한될 수 있음을 안내드립니다.   - 상담 진행 후 입양의사를 철회하는 경우 다음 순위 적격자와 상담을 진행합니다.   - 동점자 발생 시 시흥시 관내 거주자를 우선합니다.   - 순위 외의 분들에게는 개별로 안내드리기 어렵습니다. 카페를 통해 진행 상황 확인 부탁드립니다.     ('입양 프로필' 게시판)▶ 미선정된 분들은 결과가 문자로 갑니다. 원활한 입양 진행을 위한 것이니 양해 부탁드립니다.▶ 연 2회 사후관리가 필수입니다. 전화, 문자, 직접방문 또는 입양 후기 작성으로 진행되니 어려우신 분들은    입양이 불가함을 안내드립니다.▶ 파양이 불가합니다. 신중한 결정 부탁드립니다.","1. 네이버 카페(동물누리보호센터), 포인핸드, 국가동물보호정보 시스템에서 '시흥시' 보호동물 확인 후 상담예약   ☎ 031-310-6945 또는 카카오톡 채널 : 동물누리보호센터2. 예약일에 방문하여 대면상담 실시3. 입양 심사4. 결과 안내 및 입양일 조율(운영일 기준 2일정도 소요)5. 입양 : (필수) 신분증, 이동장 (선택) 목줄 지참",http://openapi.animal.go.kr/openapi/service/rest/fileDownloadSrvc/files/shelter/2026/04/202604111104965.jpg,동물누리보호센터 보호동 청소 및 산책 자원봉사자 모집 안내,20260101,20270315,"□ 모집대상- 주민등록등본 상 20세 이상의 성인 및 보호자를 동반한 청소년(고등학생 이상)- 단체 봉사는 기관 간 사전 협의 필수※ 청소년의 경우 사전에 담임 선생님의 승인을 받아야 합니다. 승인을 받지 않고 참여한 봉사활동에 대해 동물누리보호센터는 책임지지 않습니다.□ 주의 사항- 30분 이상 지각 시 미참석 처리- 참석할 수 없는 경우 최소 3일 전까지 연락 필수- 모집 마감 후 신청한 날짜를 변경하는 것은 어려우니 신청 시 날짜 확인 부탁드립니다. - 사전 연락 없이 불참 시 2개월간 봉사 제한 페널티 부여- 부득이한 사정으로 불참할 경우 증빙 서류 제출 시 페널티 부여하지 않음- 활동 전 안내연락이 가므로 반드시 정확한 번호 기입□안내사항- 운동화 및 편한 복장 착용(다치거나 분실위험이 있는 고가의 물품(귀걸이, 목걸이 등)은 제거)- 파상풍 예방접종 권고- 보호동물의 건강상태(전염성 질병 발생 시) 및 동물누리보호센터의 사정에 따라 봉사시간이 조정될 수 있음- 자원봉사자의 승인범위를 벗어난 행동으로 인하여 센터의 운영에 피해가 예상되는 경우 봉사활동을 중지시키고 이후 출입을 제한할 수 있음- 참석 불가 대상① 개, 고양이 등 동물을 무서워하는 자② 털 알레르기가 있는 자③ 1365자원봉사포털을 통해 봉사활동 신청을 하지 않은 자④ 중학생 이하 자녀를 동반한 자","1365자원봉사 포털 홈페이지 : https://www.1365.go.kr/vols/main.do자원봉사자 모집 기간 : 매월 20일 ~ 26일모집 개요 : 오전 타임, 오후 타임- 오전 타임 : 09:00 ~ 12:00 (3시간)- 오후 타임 : 13:00 ~ 15:00 (2시간)동물누리보호센터의 주된 자원봉사활동은 보호동(견사, 묘사) 청소입니다.생각과 다르게 봉사활동이 힘들 수 있습니다.★★자원봉사에 책임감을 가지고 성실히 임해주실 분의 신중한 신청 바랍니다★★★★찾아 오시는 길이 공사 중으로, 대중교통 이용이 어려울 수 있습니다. 자차 이용을 권고드립니다★★",,,,,,,,
441400202300911,20231230,성호대로141,[개] 포메라니안,417000,개,000089,포메라니안,백색,2019(년생),2.5(Kg),경기-오산-2023-00335,20231230,20240109,http://openapi.animal.go.kr/openapi/service/rest/fileDownloadSrvc/files/shelter/2023/11/202312301012519.jpg,http://openapi.animal.go.kr/openapi/service/rest/fileDownloadSrvc/files/shelter/2023/11/202401111601717.jpg,,종료(입양),F,N,"목줄,목걸이 없음",341400200900001,오산 유기동물보호소,031-372-9325,경기도 오산시 성호대로 36 (오산동) ,박철진,경기도 오산시,2024-01-11 00:00:00.0,,,,,,,,,,,,,,,,,,,,,,,
441394202302675,20231230,원당동 911 부근,[개] 포메라니안,417000,개,000089,포메라니안,황색,2020(년생),5(Kg),경기-고양-2023-01065,20231230,20240109,http://openapi.animal.go.kr/openapi/service/rest/fileDownloadSrvc/files/shelter/2023/11/202312301612840[1].jpg,http://openapi.animal.go.kr/openapi/service/rest/fileDownloadSrvc/files/shelter/2023/11/202401111101495.jpg,,종료(입양),F,U,없음,341394201400001,고양시동물보호센터,031-962-3232,"경기도 고양시 덕양구 고양대로 1695 (원흥동, 고양시 농업기술센터) 고양시동물보호센터",권지선,경기도 고양시,2024-01-11 00:00:00.0,,,,,,,,,,,,,,,,,,,,,,,
441394202302674,20231230,장항동548-20  한독상사 부근,[개] 믹스견,417000,개,000114,믹스견,베이지색,2020(년생),14(Kg),경기-고양-2023-01064,20231230,20240109,http://openapi.animal.go.kr/openapi/service/rest/fileDownloadSrvc/files/shelter/2023/11/202312301112478.jpg,http://openapi.animal.go.kr/openapi/service/rest/fileDownloadSrvc/files/shelter/2023/11/202401171401627.jpg,,종료(반환),F,U,적색목줄착용,341394201400001,고양시동물보호센터,031-962-3232,"경기도 고양시 덕양구 고양대로 1695 (원흥동, 고양시 농업기술센터) 고양시동물보호센터",권지선,경기도 고양시,2024-01-17 00:00:00.0,,410160010741581,-,,,,,,,,,,,,,,,,,,,,
441394202302673,20231230,현천동 208 부근,[개] 믹스견,417000,개,000114,믹스견,베이지색,2023(년생),2.1(Kg),경기-고양-2023-01063,20231230,20240109,http://openapi.animal.go.kr/openapi/service/rest/fileDownloadSrvc/files/shelter/2023/11/202312301112276.jpg,http://openapi.animal.go.kr/openapi/service/rest/fileDownloadSrvc/files/shelter/2023/11/202402121302544.jpg,,종료(기증),M,N,강아지(임시보호 24.02.02~04.01),341394201400001,고양시동물보호센터,031-962-3232,"경기도 고양시 덕양구 고양대로 1695 (원흥동, 고양시 농업기술센터) 고양시동물보호센터",권지선,경기도 고양시,2024-02-12 00:00:00.0,,,,,,,,,,,,,,,,,,,,,,,
441394202302672,20231230,현천동 208 부근,[개] 믹스견,417000,개,000114,믹스견,"갈색,검정",2023(년생),1.7(Kg),경기-고양-2023-01062,20231230,20240109,http://openapi.animal.go.kr/openapi/service/rest/fileDownloadSrvc/files/shelter/2023/11/202312301112409.jpg,http://openapi.animal.go.kr/openapi/service/rest/fileDownloadSrvc/files/shelter/2023/11/202401171501736[1].jpg,,종료(입양),F,N,강아지,341394201400001,고양시동물보호센터,031-962-3232,"경기도 고양시 덕양구 고양대로 1695 (원흥동, 고양시 농업기술센터) 고양시동물보호센터",권지선,경기도 고양시,2024-01-17 00:00:00.0,,,,,,,,,,,,,,,,,,,,,,,
441390202301064,20231230,광명반함센터에서 인수,[개] 비숑 프리제,417000,개,000018,비숑 프리제,백,2023(년생),2(Kg),경기-광명-2023-00246,20231230,20240111,http://openapi.animal.go.kr/openapi/service/rest/fileDownloadSrvc/files/shelter/2023/11/202312301512114.jpg,http://openapi.animal.go.kr/openapi/service/rest/fileDownloadSrvc/files/shelter/2023/11/202312301512169.jpg,http://openapi.animal.go.kr/openapi/service/rest/fileDownloadSrvc/files/shelter/2023/11/202401121501841.jpg,종료(입양),M,N,"발미용, 미용한지 얼마안됨, 겁많음",341390201300001,한국야생동물보호협회,031-296-0124,경기도 안산시 상록구 청곡길 50 (부곡동) 한국야생동물보호협회,박한웅,경기도 광명시,2024-01-12 00:00:00.0,,,,,,,,,,,,,,,,,,,,,,,
431371202300643,20231230,번덕로27,[고양이] 한국 고양이,422400,고양이,000200,한국 고양이,"흰,노",2017(년생),5.00(Kg),울산-동구-2023-00360,20231230,20240109,http://openapi.animal.go.kr/openapi/service/rest/fileDownloadSrvc/files/shelter/2023/11/20231230121202.png,http://openapi.animal.go.kr/openapi/service/rest/fileDownloadSrvc/files/shelter/2023/11/202401121301878.png,,종료(안락사),M,N,"사나움,교?사고추정",331371201000001,일산동물의료센터,052-252-5878,울산광역시 동구 방어진순환도로 645 (일산동) ,홍진탁,울산광역시 동구,2024-01-12 00:00:00.0,,,,,,,,,,,,,,,,,,,,,,,
429361202300725,20231230,남구 봉선동,[개] 치와와,417000,개,000032,치와와,갈,2021(년생),3(Kg),광주-남구-2023-00412,20231230,20240109,http://openapi.animal.go.kr/openapi/service/rest/fileDownloadSrvc/files/shelter/2023/11/202312301612139.jpg,http://openapi.animal.go.kr/openapi/service/rest/fileDownloadSrvc/files/shelter/2023/11/202312301612754.jpg,http://openapi.animal.go.kr/openapi/service/rest/fileDownloadSrvc/files/shelter/2023/11/202312301612176.jpg,종료(반환),F,Y,"23-1400 칠순이, 귀가예정",329361201300001,광주동물보호센터,062-571-2808,광주광역시 북구 본촌마을길 25-1 (본촌동) 광주동물보호센터,광주광역시장,광주광역시 남구,2023-12-30 00:00:00.0,,410100008259409,-,,,,,,,,,,,,,,,,,,,,
429361202300724,20231230,남구 진월동,[고양이] 한국 고양이,422400,고양이,000200,한국 고양이,"흰,노",2023(년생),0.83(Kg),광주-남구-2023-00411,20231230,20240109,http://openapi.animal.go.kr/openapi/service/rest/fileDownloadSrvc/files/shelter/2023/11/202312301612672.jpg,http://openapi.animal.go.kr/openapi/service/rest/fileDownloadSrvc/files/shelter/2023/11/202312301612727.jpg,http://openapi.animal.go.kr/openapi/service/rest/fileDownloadSrvc/files/shelter/2023/11/202312301612765.jpg,종료(입양),F,N,"23-8322, 뒷다리 부상 추정됨",329361201300001,광주동물보호센터,062-571-2808,광주광역시 북구 본촌마을길 25-1 (본촌동) 광주동물보호센터,광주광역시장,광주광역시 남구,2024-02-12 00:00:00.0,,,,,,,,,,,,,,,,,,,,,,,
429360202300999,20231230,서구 화정동,[고양이] 한국 고양이,422400,고양이,000200,한국 고양이,"흰,갈",2024(60일미만)(년생),0.47(Kg),광주-서구-2023-00541,20231230,20240109,http://openapi.animal.go.kr/openapi/service/rest/fileDownloadSrvc/files/shelter/2023/11/202312301612396.jpg,,,종료(입양),F,N,23-8321,329360201300001,광주동물보호센터,062-571-2808,광주광역시 북구 본촌마을길 25-1 (본촌동) 광주동물보호센터,광주광역시장,광주광역시 서구,2024-01-27 00:00:00.0,,,,,,,,,,,,,,,,,,,,,,,
427346202301530,20231230,파동로51길5,[개] 믹스견,417000,개,000114,믹스견,갈색,2020(년생),15(Kg),대구-수성-2023-01015,20231230,20240109,http://openapi.animal.go.kr/openapi/service/rest/fileDownloadSrvc/files/shelter/2023/11/202312301412871[2].jpg,,,종료(반환),M,N,옷 착용하고 있음,327346201500009,제니스동물병원,053-756-8293,대구광역시 수성구 달구벌대로 2475 (범어동) ,배대식,대구광역시 수성구,2023-12-30 00:00:00.0,,,,,,,,,,,,,,,,,,,,,,,
427341202300736,20231230,중구 약전골목,[고양이] 한국 고양이,422400,고양이,000200,한국 고양이,금색,2023(60일미만)(년생),0.9(Kg),대구-중구-2023-00279,20231230,20240109,http://openapi.animal.go.kr/openapi/service/rest/fileDownloadSrvc/files/shelter/2023/11/202312300912574.jpg,http://openapi.animal.go.kr/openapi/service/rest/fileDownloadSrvc/files/shelter/2023/11/202312300912607.jpg,http://openapi.animal.go.kr/openapi/service/rest/fileDownloadSrvc/files/shelter/2023/11/202312300912643.jpg,종료(입양),M,N,2달추정,327341201200004,대구시수의사회(동산),053-254-3366,대구광역시 중구 남성로 서성로 34 (남성로) ,박준서,대구광역시 중구,2024-01-29 00:00:00.0,,,,,,,,,,,,,,,,,,,,,,,
427341202300735,20231230,서문시장 1지구 상가,[고양이] 한국 고양이,422400,고양이,000200,한국 고양이,금색,2023(60일미만)(년생),0.9(Kg),대구-중구-2023-00278,20231230,20240109,http://openapi.animal.go.kr/openapi/service/rest/fileDownloadSrvc/files/shelter/2023/11/202312300912799.jpg,http://openapi.animal.go.kr/openapi/service/rest/fileDownloadSrvc/files/shelter/2023/11/202312300912860[1].jpg,http://openapi.animal.go.kr/openapi/service/rest/fileDownloadSrvc/files/shelter/2023/11/202312300912899.jpg,종료(입양),F,N,2-3개월 추정,327341201200004,대구시수의사회(동산),053-254-3366,대구광역시 중구 남성로 서성로 34 (남성로) ,박준서,대구광역시 중구,2024-01-10 00:00:00.0,,,,,,,,,,,,,,,,,,,,,,,
447513202301379,20231230,진량 평사리,[개] 믹스견,417000,개,000114,믹스견,"크림색, 갈색",2023(년생),1.7(Kg),경북-경산-2023-00761,20231229,20231229,http://openapi.animal.go.kr/openapi/service/rest/fileDownloadSrvc/files/shelter/2023/11/202312302112699.jpg,,,종료(안락사),M,N,"생후 60일령 추정, 어미(681번, 5.8kg)와 함께 입소",347513201800003,경산시유기동물보호소,010-2536-0955,경상북도 경산시 용성면 사양지길 95 (용성면) ,박병용,경상북도 경산시,2025-03-05 11:10:33.0,사람 및 동물공격,,,,,,,,,,,,,,,,,,,,,,
447513202301378,20231230,진량 평사리,[개] 믹스견,417000,개,000114,믹스견,흰색,2023(년생),2.38(Kg),경북-경산-2023-00760,20231229,20231229,http://openapi.animal.go.kr/openapi/service/rest/fileDownloadSrvc/files/shelter/2023/11/202312302112393.jpg,,,종료(안락사),M,N,"생후 60일령 추정, 어미(681번, 5.8kg)와 함께 입소",347513201800003,경산시유기동물보호소,010-2536-0955,경상북도 경산시 용성면 사양지길 95 (용성면) ,박병용,경상북도 경산시,2025-03-05 11:12:08.0,센터 수용능력 고려,,,,,,,,,,,,,,,,,,,,,,
447513202301377,20231230,진량 평사리,[개] 믹스견,417000,개,000114,믹스견,흰색,2023(년생),1.94(Kg),경북-경산-2023-00759,20231229,20231229,http://openapi.animal.go.kr/openapi/service/rest/fileDownloadSrvc/files/shelter/2023/11/202312302112333.jpg,,,종료(안락사),M,N,"생후 60일령 추정, 어미(681번, 5.8kg)와 함께 입소",347513201800003,경산시유기동물보호소,010-2536-0955,경상북도 경산시 용성면 사양지길 95 (용성면) ,박병용,경상북도 경산시,2024-11-11 10:06:04.0,센터 수용능력 고려,,,,,,,,,,,,,,,,,,,,,,
447513202301372,20231230,하양 부호리,[개] 믹스견,417000,개,000114,믹스견,"갈색, 블랙마스크",2023(60일미만)(년생),1.5(Kg),경북-경산-2023-00754,20231229,20231229,http://openapi.animal.go.kr/openapi/service/rest/fileDownloadSrvc/files/shelter/2023/11/202312302012929.jpg,,,종료(안락사),F,N,"생후 50일령 추정, 어미(639번, 14.3kg)가 임신한채 입소하여 보호소에서 출산",347513201800003,경산시유기동물보호소,010-2536-0955,경상북도 경산시 용성면 사양지길 95 (용성면) ,박병용,경상북도 경산시,2024-12-10 19:45:08.0,센터 수용능력 고려,,,,,,,,,,,,,,,,,,,,,,
447513202301371,20231230,하양 부호리,[개] 믹스견,417000,개,000114,믹스견,"블랙마스크, 크림색",2023(60일미만)(년생),1.35(Kg),경북-경산-2023-00753,20231229,20231229,http://openapi.animal.go.kr/openapi/service/rest/fileDownloadSrvc/files/shelter/2023/11/202312302012199.jpg,,,종료(자연사),F,N,"생후 50일령 추정, 어미(639번, 14.3kg)가 임신한채 입소하여 보호소에서 출산",347513201800003,경산시유기동물보호소,010-2536-0955,경상북도 경산시 용성면 사양지길 95 (용성면) ,박병용,경상북도 경산시,2024-11-24 20:17:57.0,교상,,,,,,,,,,,,,,,,,,,,,,
429362202301306,20231230,북구 본촌동,[개] 믹스견,417000,개,000114,믹스견,흰색,2021(년생),12(Kg),광주-북구-2023-00921,20231229,20231229,http://openapi.animal.go.kr/openapi/service/rest/fileDownloadSrvc/files/shelter/2023/11/20231230151211.jpg,http://openapi.animal.go.kr/openapi/service/rest/fileDownloadSrvc/files/shelter/2023/11/202312301512336.jpg,http://openapi.animal.go.kr/openapi/service/rest/fileDownloadSrvc/files/shelter/2023/11/202312301512764.jpg,종료(안락사),M,Y,"23-1399 흰눈, 사람을 좋아하고 온순하며 잘 따르나 좀 소심함",329362201300001,광주동물보호센터,062-571-2808,광주광역시 북구 본촌마을길 25-1 (본촌동) 광주동물보호센터,광주광역시장,광주광역시 북구,2025-07-11 14:56:58.0,,410100012854482,-,,,,,,,,,,,,,,,,,,,,
447513202301376,20231230,진량 평사리,[개] 믹스견,417000,개,000114,믹스견,"크림색, 갈색",2023(년생),2.8(Kg),경북-경산-2023-00758,20231229,20231229,http://openapi.animal.go.kr/openapi/service/rest/fileDownloadSrvc/files/shelter/2023/11/202312302112368.jpg,,,종료(자연사),M,N,"생후 60일령 추정, 어미(681번, 5.8kg)와 함께 입소",347513201800003,경산시유기동물보호소,010-2536-0955,경상북도 경산시 용성면 사양지길 95 (용성면) ,박병용,경상북도 경산시,2024-01-31 00:00:00.0,"혈변, 항문 탈장",,,,,,,,,,,,,,,,,,,,,,
447513202301370,20231230,하양 부호리,[개] 믹스견,417000,개,000114,믹스견,"블랙마스크, 갈색",2023(60일미만)(년생),2.2(Kg),경북-경산-2023-00752,20231229,20231229,http://openapi.animal.go.kr/openapi/service/rest/fileDownloadSrvc/files/shelter/2023/11/202312302012353.jpg,,,종료(안락사),M,N,"생후 50일령 추정, 어미(639번, 14.3kg)가 임신한채 입소하여 보호소에서 출산",347513201800003,경산시유기동물보호소,010-2536-0955,경상북도 경산시 용성면 사양지길 95 (용성면) ,박병용,경상북도 경산시,2024-09-09 00:00:00.0,센터 수용능력 고려,,,,,,,,,,,,,,,,,,,,,,
428357202301871,20231229,길정리309-2,[개] 믹스견,417000,개,000114,믹스견,흰색,2024(60일미만)(년생),3.68(Kg),인천-강화-2024-00015,20240116,20240126,http://openapi.animal.go.kr/openapi/service/rest/fileDownloadSrvc/files/shelter/2023/11/202401161701683.jpg,,,종료(자연사),M,N,생후 2개월령,328357200900001,베스트동물병원,032-934-9340,"인천광역시 강화군 강화읍 강화대로 217 (강화읍, 린나이보일러) ",이규식,인천광역시 강화군,2024-06-25 00:00:00.0,장염,,,,,,,,,,,,,,,,,,,,,,
428357202301870,20231229,길정리309-2,[개] 믹스견,417000,개,000114,믹스견,흰색,2024(60일미만)(년생),3.16(Kg),인천-강화-2024-00014,20240116,20240126,http://openapi.animal.go.kr/openapi/service/rest/fileDownloadSrvc/files/shelter/2023/11/202401161701517.jpg,,,종료(자연사),F,N,생후 2개월령,328357200900001,베스트동물병원,032-934-9340,"인천광역시 강화군 강화읍 강화대로 217 (강화읍, 린나이보일러) ",이규식,인천광역시 강화군,2024-06-25 00:00:00.0,장염,,,,,,,,,,,,,,,,,,,,,,
428357202301869,20231229,길정리309-2,[개] 믹스견,417000,개,000114,믹스견,갈색,2024(60일미만)(년생),3.66(Kg),인천-강화-2024-00013,20240116,20240126,http://openapi.animal.go.kr/openapi/service/rest/fileDownloadSrvc/files/shelter/2023/11/202401161601199.jpg,,,종료(자연사),M,N,생후 2개월령,328357200900001,베스트동물병원,032-934-9340,"인천광역시 강화군 강화읍 강화대로 217 (강화읍, 린나이보일러) ",이규식,인천광역시 강화군,2024-06-25 00:00:00.0,장염,,,,,,,,,,,,,,,,,,,,,,
445471202400042,20231229,김제공덕,[개] 믹스견,417000,개,000114,믹스견,베이지색,2021(년생),10(Kg),전북-김제-2024-00042,20240115,20240130,http://openapi.animal.go.kr/openapi/service/rest/fileDownloadSrvc/files/shelter/2023/11/202401150901330.jpg,,,종료(입양),F,Y,목테가 파고듬,345471201800002,전북말산업복합센터,063-547-3549,전라북도 김제시 용지면 금백로 571-39 (용지면) 전북말산업복합센터,조희천,전북특별자치도 김제시,2024-06-26 00:00:00.0,,,,,,,,,,,,,,,,,,,,,,,
445471202400039,20231229,축산과,[개] 믹스견,417000,개,000114,믹스견,하얀색,2023(년생),10(Kg),전북-김제-2024-00039,20240115,20240130,http://openapi.animal.go.kr/openapi/service/rest/fileDownloadSrvc/files/shelter/2023/11/202401150901285.jpg,,,종료(입양),M,Y,교통사고 당함,345471201800002,전북말산업복합센터,063-547-3549,전라북도 김제시 용지면 금백로 571-39 (용지면) 전북말산업복합센터,조희천,전북특별자치도 김제시,2024-06-26 00:00:00.0,,,,,,,,,,,,,,,,,,,,,,,
445471202400030,20231229,개농장,[개] 믹스견,417000,개,000114,믹스견,검은색,2023(년생),12(Kg),전북-김제-2024-00030,20240105,20240122,http://openapi.animal.go.kr/openapi/service/rest/fileDownloadSrvc/files/shelter/2023/11/20240105150117.jpg,,,종료(입양),F,Y,뒷다리 교상,345471201800002,전북말산업복합센터,063-547-3549,전라북도 김제시 용지면 금백로 571-39 (용지면) 전북말산업복합센터,조희천,전북특별자치도 김제시,2024-06-26 00:00:00.0,,,,,,,,,,,,,,,,,,,,,,,
445471202400028,20231229,개농장,[개] 믹스견,417000,개,000114,믹스견,하얀색,2022(년생),6(Kg),전북-김제-2024-00028,20240105,20240122,http://openapi.animal.go.kr/openapi/service/rest/fileDownloadSrvc/files/shelter/2023/11/202401051501375.jpg,,,종료(입양),M,Y,개농장에서 구조,345471201800002,전북말산업복합센터,063-547-3549,전라북도 김제시 용지면 금백로 571-39 (용지면) 전북말산업복합센터,조희천,전북특별자치도 김제시,2024-06-26 00:00:00.0,,,,,,,,,,,,,,,,,,,,,,,
445471202400027,20231229,개농장,[개] 믹스견,417000,개,000114,믹스견,회색,2022(년생),15(Kg),전북-김제-2024-00027,20240105,20240122,http://openapi.animal.go.kr/openapi/service/rest/fileDownloadSrvc/files/shelter/2023/11/202401051501895.jpg,,,종료(입양),F,Y,개농장에서 구조,345471201800002,전북말산업복합센터,063-547-3549,전라북도 김제시 용지면 금백로 571-39 (용지면) 전북말산업복합센터,조희천,전북특별자치도 김제시,2024-06-26 00:00:00.0,,,,,,,,,,,,,,,,,,,,,,,
445471202400026,20231229,개농장,[개] 믹스견,417000,개,000114,믹스견,흰색,2023(년생),8(Kg),전북-김제-2024-00026,20240105,20240122,http://openapi.animal.go.kr/openapi/service/rest/fileDownloadSrvc/files/shelter/2023/11/202401051501259.jpg,,,종료(입양),F,Y,개농장에서 구조,345471201800002,전북말산업복합센터,063-547-3549,전라북도 김제시 용지면 금백로 571-39 (용지면) 전북말산업복합센터,조희천,전북특별자치도 김제시,2024-06-26 00:00:00.0,,,,,,,,,,,,,,,,,,,,,,,
445471202400025,20231229,개농장,[개] 믹스견,417000,개,000114,믹스견,갈색,2023(년생),12(Kg),전북-김제-2024-00025,20240105,20240122,http://openapi.animal.go.kr/openapi/service/rest/fileDownloadSrvc/files/shelter/2023/11/202401051501736.jpg,,,종료(입양),F,Y,개농장에서 구조,345471201800002,전북말산업복합센터,063-547-3549,전라북도 김제시 용지면 금백로 571-39 (용지면) 전북말산업복합센터,조희천,전북특별자치도 김제시,2024-06-26 00:00:00.0,,,,,,,,,,,,,,,,,,,,,,,
445471202400023,20231229,개농장,[개] 믹스견,417000,개,000114,믹스견,갈색,2022(년생),15(Kg),전북-김제-2024-00023,20240105,20240122,http://openapi.animal.go.kr/openapi/service/rest/fileDownloadSrvc/files/shelter/2023/11/202401051501513[1].jpg,,,종료(입양),M,Y,개농장에서 구조,345471201800002,전북말산업복합센터,063-547-3549,전라북도 김제시 용지면 금백로 571-39 (용지면) 전북말산업복합센터,조희천,전북특별자치도 김제시,2024-06-26 00:00:00.0,,,,,,,,,,,,,,,,,,,,,,,
445471202400022,20231229,개농장,[개] 믹스견,417000,개,000114,믹스견,하얀색,2022(년생),25(Kg),전북-김제-2024-00022,20240105,20240122,http://openapi.animal.go.kr/openapi/service/rest/fileDownloadSrvc/files/shelter/2023/11/202401051401944.jpg,,,종료(입양),F,Y,개농장에서 구조,345471201800002,전북말산업복합센터,063-547-3549,전라북도 김제시 용지면 금백로 571-39 (용지면) 전북말산업복합센터,조희천,전북특별자치도 김제시,2024-06-26 00:00:00.0,,,,,,,,,,,,,,,,,,,,,,,
445471202400020,20231229,개농장,[개] 믹스견,417000,개,000114,믹스견,갈색,2023(년생),10(Kg),전북-김제-2024-00020,20240105,20240122,http://openapi.animal.go.kr/openapi/service/rest/fileDownloadSrvc/files/shelter/2023/11/202401051401120.jpg,,,종료(입양),F,Y,개농장에서 구조,345471201800002,전북말산업복합센터,063-547-3549,전라북도 김제시 용지면 금백로 571-39 (용지면) 전북말산업복합센터,조희천,전북특별자치도 김제시,2024-06-26 00:00:00.0,,,,,,,,,,,,,,,,,,,,,,,
445471202400019,20231229,개농장,[개] 믹스견,417000,개,000114,믹스견,갈색,2023(년생),10(Kg),전북-김제-2024-00019,20240105,20240122,http://openapi.animal.go.kr/openapi/service/rest/fileDownloadSrvc/files/shelter/2023/11/202401051401526.jpg,,,종료(입양),M,Y,개농장에서 구조,345471201800002,전북말산업복합센터,063-547-3549,전라북도 김제시 용지면 금백로 571-39 (용지면) 전북말산업복합센터,조희천,전북특별자치도 김제시,2024-06-26 00:00:00.0,,,,,,,,,,,,,,,,,,,,,,,
445471202400017,20231229,개농장,[개] 믹스견,417000,개,000114,믹스견,하얀색,2023(년생),10(Kg),전북-김제-2024-00017,20240105,20240122,http://openapi.animal.go.kr/openapi/service/rest/fileDownloadSrvc/files/shelter/2023/11/202401051401980.jpg,,,종료(입양),F,Y,개농장에서 구조,345471201800002,전북말산업복합센터,063-547-3549,전라북도 김제시 용지면 금백로 571-39 (용지면) 전북말산업복합센터,조희천,전북특별자치도 김제시,2024-06-26 00:00:00.0,,,,,,,,,,,,,,,,,,,,,,,
445471202400016,20231229,개농장,[개] 믹스견,417000,개,000114,믹스견,갈색,2023(년생),10(Kg),전북-김제-2024-00016,20240105,20240122,http://openapi.animal.go.kr/openapi/service/rest/fileDownloadSrvc/files/shelter/2023/11/202401051401427.jpg,,,종료(입양),F,Y,개농장에서 구조,345471201800002,전북말산업복합센터,063-547-3549,전라북도 김제시 용지면 금백로 571-39 (용지면) 전북말산업복합센터,조희천,전북특별자치도 김제시,2024-06-26 00:00:00.0,,,,,,,,,,,,,,,,,,,,,,,
445471202400015,20231229,개농장,[개] 믹스견,417000,개,000114,믹스견,하얀색,2021(년생),20(Kg),전북-김제-2024-00015,20240105,20240122,http://openapi.animal.go.kr/openapi/service/rest/fileDownloadSrvc/files/shelter/2023/11/202401051401284.jpg,,,종료(입양),M,Y,개농장에서 구조,345471201800002,전북말산업복합센터,063-547-3549,전라북도 김제시 용지면 금백로 571-39 (용지면) 전북말산업복합센터,조희천,전북특별자치도 김제시,2024-06-26 00:00:00.0,,,,,,,,,,,,,,,,,,,,,,,
445471202400014,20231229,개농장,[개] 믹스견,417000,개,000114,믹스견,하얀색,2022(년생),23(Kg),전북-김제-2024-00014,20240105,20240122,http://openapi.animal.go.kr/openapi/service/rest/fileDownloadSrvc/files/shelter/2023/11/202401051401364.jpg,,,종료(입양),F,Y,개농장에서 구조,345471201800002,전북말산업복합센터,063-547-3549,전라북도 김제시 용지면 금백로 571-39 (용지면) 전북말산업복합센터,조희천,전북특별자치도 김제시,2024-06-26 00:00:00.0,,,,,,,,,,,,,,,,,,,,,,,
445471202400013,20231229,개농장,[개] 믹스견,417000,개,000114,믹스견,하얀색,2022(년생),23(Kg),전북-김제-2024-00013,20240105,20240122,http://openapi.animal.go.kr/openapi/service/rest/fileDownloadSrvc/files/shelter/2023/11/202401051401318.jpg,,,종료(입양),M,Y,개농장에서 구조 ,345471201800002,전북말산업복합센터,063-547-3549,전라북도 김제시 용지면 금백로 571-39 (용지면) 전북말산업복합센터,조희천,전북특별자치도 김제시,2024-06-26 00:00:00.0,,,,,,,,,,,,,,,,,,,,,,,
445471202400011,20231229,개농장,[개] 믹스견,417000,개,000114,믹스견,하얀색,2022(년생),23(Kg),전북-김제-2024-00011,20240105,20240122,http://openapi.animal.go.kr/openapi/service/rest/fileDownloadSrvc/files/shelter/2023/11/20240105140148.jpg,,,종료(입양),M,Y,개농장에서 구조 ,345471201800002,전북말산업복합센터,063-547-3549,전라북도 김제시 용지면 금백로 571-39 (용지면) 전북말산업복합센터,조희천,전북특별자치도 김제시,2024-06-26 00:00:00.0,,,,,,,,,,,,,,,,,,,,,,,
441559202301409,20231229,삼숭동 자이6단지 일대,[고양이] 한국 고양이,422400,고양이,000200,한국 고양이,갈줄,2023(년생),1.5(Kg),경기-양주-2024-00005,20240104,20240115,http://openapi.animal.go.kr/openapi/service/rest/fileDownloadSrvc/files/shelter/2023/11/202312301312532.jpg,,,종료(자연사),M,N,콧물심함. 꼬리약간 짧음/끝부분 꺾임. 좌후지 못씀. 사람좋아함. 털상태불량. ,341559200900001,한국동물구조관리협회,031-867-9119,경기도 양주시 남면 감악산로 63-37 (남면) ,김철훈,경기도 양주시,2024-01-08 00:00:00.0,"기력없음,식욕없음.",,,,,,,,,,,,,,,,,,,,,,
441559202301408,20231229,어하고개로 141 인근,[개] 믹스견,417000,개,000114,믹스견,갈,2019(년생),4.9(Kg),경기-양주-2024-00004,20240104,20240115,http://openapi.animal.go.kr/openapi/service/rest/fileDownloadSrvc/files/shelter/2023/11/202312301312472.jpg,,,종료(기증),F,U,귀쫑긋. 코검정. 빨강바탕 노랑줄무늬 목줄. 온순함. 얌전함. 꼬리단미안됨. 털상태양호. ,341559200900001,한국동물구조관리협회,031-867-9119,경기도 양주시 남면 감악산로 63-37 (남면) ,김철훈,경기도 양주시,2024-01-17 00:00:00.0,,,,,,,,,,,,,,,,,,,,,,,
441559202301407,20231229,은현면 화합로 1080번길 343 인근,[개] 믹스견,417000,개,000114,믹스견,갈/흰,2023(년생),3.9(Kg),경기-양주-2024-00003,20240104,20240115,http://openapi.animal.go.kr/openapi/service/rest/fileDownloadSrvc/files/shelter/2023/11/202312301312884.jpg,,,종료(안락사),M,N,귀접힘. 코팥죽색. 눈물자국. 낑낑거림. 온순함. 친화적. 꼬리단미안됨. 털상태양호. ,341559200900001,한국동물구조관리협회,031-867-9119,경기도 양주시 남면 감악산로 63-37 (남면) ,김철훈,경기도 양주시,2024-01-22 00:00:00.0,보호기간종료.,,,,,,,,,,,,,,,,,,,,,,
430365202300659,20231229,평촌로 111 태평아파트 102동 주변,[개] 푸들,417000,개,000128,푸들,황,2020(년생),3.00(Kg),대전-중구-2024-00003,20240104,20240115,http://openapi.animal.go.kr/openapi/service/rest/fileDownloadSrvc/files/shelter/2023/11/202401041401820.jpg,,,종료(자연사),F,U,.,330365202000001,대전동물보호센터,042-825-1118,대전광역시 유성구 금남구즉로 1234 (금고동) 대전광역시 동물보호센터,대전광역시,대전광역시 중구,2024-01-05 00:00:00.0,,,,,,,,,,,,,,,,,,,,,,,
430365202300658,20231229,옥계동 17-12 은혜아파트 a동 주변,[개] 푸들,417000,개,000128,푸들,흑,2023(년생),2.00(Kg),대전-중구-2024-00002,20240104,20240115,http://openapi.animal.go.kr/openapi/service/rest/fileDownloadSrvc/files/shelter/2023/11/202401041401988.jpg,,,종료(입양),F,N,.,330365202000001,대전동물보호센터,042-825-1118,대전광역시 유성구 금남구즉로 1234 (금고동) 대전광역시 동물보호센터,대전광역시,대전광역시 중구,2024-01-17 00:00:00.0,,,,,,,,,,,,,,,,,,,,,,,
430365202300657,20231229,문화동 서대전공원 주변,[개] 믹스견,417000,개,000114,믹스견,백황,2023(년생),15.00(Kg),대전-중구-2024-00001,20240104,20240115,http://openapi.animal.go.kr/openapi/service/rest/fileDownloadSrvc/files/shelter/2023/11/202401041401323.jpg,,,종료(입양),F,U,.,330365202000001,대전동물보호센터,042-825-1118,대전광역시 유성구 금남구즉로 1234 (금고동) 대전광역시 동물보호센터,대전광역시,대전광역시 중구,2024-01-16 00:00:00.0,,,,,,,,,,,,,,,,,,,,,,,
445476202300563,20231229,전북 임실군 임실읍 봉황로13-21,[개] 믹스견,417000,개,000114,믹스견,하얀색,2024(60일미만)(년생),5(Kg),전북-임실-2024-00002,20240103,20240118,http://openapi.animal.go.kr/openapi/service/rest/fileDownloadSrvc/files/shelter/2023/11/202312291512670.jpg,,,종료(안락사),F,N,"뒷쪽다리에 골절이 있고, 눈 주위에 노란색 반점이 있음",345476202100001,임실유기동물보호센터,063-640-2507,"전라북도 임실군 오수면 춘향로 1554-95  펫추모공원 입구, 유기동물보호센터",유기동물재활지원센터,전북특별자치도 임실군,2024-06-29 00:00:00.0,구조시 다리 골절이 사회성이 결여되어 교정불가,,,,,,,,,,,,,,,,,,,,,,
445471202400004,20231229,축산과,[개] 믹스견,417000,개,000114,믹스견,하얀색,2021(년생),4(Kg),전북-김제-2024-00004,20240103,20240118,http://openapi.animal.go.kr/openapi/service/rest/fileDownloadSrvc/files/shelter/2023/11/202401031001287.jpg,,,종료(입양),F,Y,순하다,345471201800002,전북말산업복합센터,063-547-3549,전라북도 김제시 용지면 금백로 571-39 (용지면) 전북말산업복합센터,조희천,전북특별자치도 김제시,2024-06-26 00:00:00.0,,,,,,,,,,,,,,,,,,,,,,,
445470202301009,20231229, 송동면 송내 ,[개] 믹스견,417000,개,000114,믹스견,흰색,2024(60일미만)(년생),1(Kg),전북-남원-2024-00001,20240103,20240115,http://openapi.animal.go.kr/openapi/service/rest/fileDownloadSrvc/files/shelter/2023/11/202401030901699.jpg,http://openapi.animal.go.kr/openapi/service/rest/fileDownloadSrvc/files/shelter/2023/11/202401292101125.jpg,,종료(자연사),F,N,내외부 기생충 질환,345470201300002,하나동물병원,063-634-7582,전북특별자치도 남원시 왕정동 67 ,김승권,전북특별자치도 남원시,2024-01-29 00:00:00.0,,,,,,,,,,,,,,,,,,,,,,,
443445202300656,20231229,광혜원면 진광로 1275,[개] 믹스견,417000,개,000114,믹스견,흰색,2023(년생),15(Kg),충북-진천-2024-00004,20240103,20240115,http://openapi.animal.go.kr/openapi/service/rest/fileDownloadSrvc/files/shelter/2023/11/202401031601991.jpeg,,,종료(안락사),F,U,온순하고 건강함,343445202200001,증평 가정견 훈련소,010-3169-1151,충청북도 증평군 도안면 입장길 239  ,정해승,충청북도 진천군,2024-05-22 00:00:00.0,공고기간 종료 후 인도적 처리,,,,,,,,,,,,,,,,,,,,,,
443445202300655,20231229,진천읍 상산로 65(읍사무소),[개] 요크셔 테리어,417000,개,000113,요크셔 테리어,실버검정갈색,2015(년생),3.8(Kg),충북-진천-2024-00003,20240103,20240115,http://openapi.animal.go.kr/openapi/service/rest/fileDownloadSrvc/files/shelter/2023/11/202401031601635.jpeg,,,종료(입양),M,U,"온순함, 피부질환 x",343445202200001,증평 가정견 훈련소,010-3169-1151,충청북도 증평군 도안면 입장길 239  ,정해승,충청북도 진천군,2024-01-18 00:00:00.0,,,,,,,,,,,,,,,,,,,,,,,
426334202301229,20231229,사하 경찰서,[개] 푸들,417000,개,000128,푸들,검은색,2020(년생),4(Kg),부산-사하-2024-00002,20240103,20240115,http://openapi.animal.go.kr/openapi/service/rest/fileDownloadSrvc/files/shelter/2023/11/202401032001712.jpg,,,종료(입양),M,U,털이 긺,326334202100001,부산동물보호센터,051-293-9779,부산광역시 강서구 맥도강변길 752-15 (대저2동) ,김영진,부산광역시 사하구,2024-05-13 00:00:00.0,,,,,,,,,,,,,,,,,,,,,,,
448535202302091,20231229,김해시 동부구조대,[개] 골든 리트리버,417000,개,000054,골든 리트리버,검정색,2021(년생),30(Kg),경남-김해-2024-00001,20240102,20240112,http://openapi.animal.go.kr/openapi/service/rest/fileDownloadSrvc/files/shelter/2023/11/202401020901394.png,http://openapi.animal.go.kr/openapi/service/rest/fileDownloadSrvc/files/shelter/2023/11/202401020901405.png,,종료(반환),M,U,"김해시-1317, 칩 없음",348535201200001,유기동물및관리협회,051-971-6208,부산광역시 강서구 가락대로1283번길 25-2 (봉림동) (사)유기동물및보호관리협회,변재갑,경상남도 김해시,2024-01-05 00:00:00.0,,,,,,,,,,,,,,,,,,,,,,,
447523202300513,20231229,감천면 대맥리,[개] 믹스견,417000,개,000114,믹스견,갈색,2022(년생),10(Kg),경북-예천-2024-00009,20240102,20240112,http://openapi.animal.go.kr/openapi/service/rest/fileDownloadSrvc/files/shelter/2023/11/202401021801451.jpg,,,종료(안락사),F,N,물질하는 그들에게는 목숨 건 삶의 현장... 사선에서 사투하는 작고 소중한 생명...,347523201200001,예천군유기동물보호소,054-650-8167,"경상북도 예천군 예천읍 충효로 632-84 (예천읍, 유기동물보호소) ",예천군,경상북도 예천군,2024-03-29 00:00:00.0,,,,,,,,,,,,,,,,,,,,,,,
447523202300512,20231229,감천면 대맥리,[개] 믹스견,417000,개,000114,믹스견,갈색,2023(년생),12(Kg),경북-예천-2024-00008,20240102,20240112,http://openapi.animal.go.kr/openapi/service/rest/fileDownloadSrvc/files/shelter/2023/11/202401021801176.jpg,,,종료(안락사),M,N,하얀 백사장 같은 자태... 나의 흰 뼈 으스러지도록 움켜잡아주었으면...,347523201200001,예천군유기동물보호소,054-650-8167,"경상북도 예천군 예천읍 충효로 632-84 (예천읍, 유기동물보호소) ",예천군,경상북도 예천군,2024-03-29 00:00:00.0,,,,,,,,,,,,,,,,,,,,,,,
444455202300440,20231229,충남 금산군 복수면 용천로 1039,[개] 믹스견,417000,개,000114,믹스견,흰색,2024(60일미만)(년생),1(Kg),충남-금산-2024-00001,20240102,20240111,http://openapi.animal.go.kr/openapi/service/rest/fileDownloadSrvc/files/shelter/2023/11/20240102130196.jpg,,,종료(입양),F,N,연령 약 45일 추정,344455202300001,제일동물병원,041-751-3739,충청남도 금산군 금산읍 비단로 59  ,김종부,충청남도 금산군,2024-04-09 00:00:00.0,,,,,,,,,,,,,,,,,,,,,,,
444452202302222,20231229,실옥동 188,[개] 믹스견,417000,개,000114,믹스견,"갈,검,흰",2023(년생),7.5(Kg),충남-아산-2024-00004,20240102,20240111,http://openapi.animal.go.kr/openapi/service/rest/fileDownloadSrvc/files/shelter/2023/11/202401170901170.jpg,,,종료(입양),M,N,2222호(관리) 4호(공고),344452202300001,아산동물복지지원센터,041-530-6200,충청남도 아산시 환경공원로 158 (배미동) ,아산시장,충청남도 아산시,2024-05-28 00:00:00.0,,410097800443728,-,,,,,,,,,,,,,,,,,,,,
444452202302221,20231229,둔포면 석곡리 1424,[고양이] 믹스묘,422400,고양이,000212,믹스묘,"검,노,흰",2024(60일미만)(년생),0.58(Kg),충남-아산-2024-00003,20240102,20240111,http://openapi.animal.go.kr/openapi/service/rest/fileDownloadSrvc/files/shelter/2023/11/202401050901172.jpg,http://openapi.animal.go.kr/openapi/service/rest/fileDownloadSrvc/files/shelter/2023/11/202401050901204.jpg,,종료(자연사),F,N,"2221호(관리) 3호(공고), 입소일기준 2개월추정",344452202300001,아산동물복지지원센터,041-530-6200,충청남도 아산시 환경공원로 158 (배미동) ,아산시장,충청남도 아산시,2024-01-05 00:00:00.0,자연사,,,,,,,,,,,,,,,,,,,,,,
444450202300929,20231229,충남 공주시 우성면 단지리,[개] 믹스견,417000,개,000114,믹스견,"흰색, 갈색",2020(년생),5.0(Kg),충남-공주-2024-00001,20240102,20240115,http://openapi.animal.go.kr/openapi/service/rest/fileDownloadSrvc/files/shelter/2023/11/202312291712928.jpg,http://openapi.animal.go.kr/openapi/service/rest/fileDownloadSrvc/files/shelter/2023/11/202312291712944.jpg,,종료(자연사),F,N,"심장사상충검사 양성, 골반골 골절",344450202200001,공주시 동물보호센터,041-840-3495,충청남도 공주시 우성면 내산목천길 52-15  ,공주시,충청남도 공주시,2024-02-13 00:00:00.0,자연사,,,,,,,,,,,,,,,,,,,,,,
443446202300651,20231229,흑석리 52-3,[개] 믹스견,417000,개,000114,믹스견,흰갈검정,2022(년생),16(Kg),충북-괴산-2024-00003,20240102,20240112,http://openapi.animal.go.kr/openapi/service/rest/fileDownloadSrvc/files/shelter/2023/11/202401021601658.jpeg,,,종료(입양),F,U,온순하나 심장사상충 감염상태임.,343446201800002,괴산증평동물보호센터,010-3169-1151,충청북도 증평군 도안면 입장길 239 (도안면) ,정해승,충청북도 괴산군,2024-01-14 00:00:00.0,,,,,,,,,,,,,,,,,,,,,,,
443446202300650,20231229,흑석리 52-3,[개] 믹스견,417000,개,000114,믹스견,흰갈검정,2022(년생),6(Kg),충북-괴산-2024-00002,20240102,20240112,http://openapi.animal.go.kr/openapi/service/rest/fileDownloadSrvc/files/shelter/2023/11/202401021601778.jpeg,,,종료(안락사),F,U,온순하고 건강하다.,343446201800002,괴산증평동물보호센터,010-3169-1151,충청북도 증평군 도안면 입장길 239 (도안면) ,정해승,충청북도 괴산군,2024-04-12 00:00:00.0,,,,,,,,,,,,,,,,,,,,,,,
443444202300651,20231229,용산면 천작2길36,[개] 믹스견,417000,개,000114,믹스견,흰색,2024(60일미만)(년생),2.2(Kg),충북-영동-2024-00002,20240102,20240112,http://openapi.animal.go.kr/openapi/service/rest/fileDownloadSrvc/files/shelter/2023/11/202401020901575.jpg,http://openapi.animal.go.kr/openapi/service/rest/fileDownloadSrvc/files/shelter/2023/11/202401020901612.jpg,,종료(자연사),F,U,"미등록,어린아이",343444200900002,최종주동물병원,043-744-4209,"충청북도 영동군 영동읍 계산로 54 (영동읍, 최종주동물병원) ",최종주,충청북도 영동군,2024-02-15 00:00:00.0,폐사,,,,,,,,,,,,,,,,,,,,,,
443444202300650,20231229,추풍령면 상신안길16,[개] 믹스견,417000,개,000114,믹스견,혼합색,2017(년생),5.7(Kg),충북-영동-2024-00001,20240102,20240112,http://openapi.animal.go.kr/openapi/service/rest/fileDownloadSrvc/files/shelter/2023/11/202401020901396.jpg,http://openapi.animal.go.kr/openapi/service/rest/fileDownloadSrvc/files/shelter/2023/11/202401020901445.jpg,,종료(안락사),F,N,"미등록,목줄 착용, 매우 예민하고,심하게 위축됨",343444200900002,최종주동물병원,043-744-4209,"충청북도 영동군 영동읍 계산로 54 (영동읍, 최종주동물병원) ",최종주,충청북도 영동군,2024-02-15 00:00:00.0,폐사(질병에 합병증),,,,,,,,,,,,,,,,,,,,,,
441390202301065,20231229,소하지구대에서 인수,[개] 믹스견,417000,개,000114,믹스견,갈백,2024(년생),6(Kg),경기-광명-2024-00001,20240102,20240115,http://openapi.animal.go.kr/openapi/service/rest/fileDownloadSrvc/files/shelter/2023/11/202401021301719.jpg,http://openapi.animal.go.kr/openapi/service/rest/fileDownloadSrvc/files/shelter/2023/11/202401021301151.jpg,,종료(반환),F,U,"나이미상, 순함",341390201300001,한국야생동물보호협회,031-296-0124,경기도 안산시 상록구 청곡길 50 (부곡동) 한국야생동물보호협회,박한웅,경기도 광명시,2024-01-02 00:00:00.0,,,,,,,,,,,,,,,,,,,,,,,
430366202300920,20231229,갈마로 77 인근,[개] 푸들,417000,개,000128,푸들,갈색,2015(년생),4(Kg),대전-서구-2024-00001,20240102,20240112,http://openapi.animal.go.kr/openapi/service/rest/fileDownloadSrvc/files/shelter/2023/11/202401020901542.png,,,종료(반환),M,U,주인반환,330366202000001,대전동물보호센터,042-825-1118,대전광역시 유성구 금남구즉로 1234 (금고동) 대전광역시 동물보호센터,대전광역시,대전광역시 서구,2024-01-03 00:00:00.0,,,,,,,,,,,,,,,,,,,,,,,
428352202300578,20231229,연수구 아케데미로 442,[고양이] 한국 고양이,422400,고양이,000200,한국 고양이,검/갈/흰,2022(년생),4(Kg),인천-연수-2024-00001,20240102,20240112,,,,종료(자연사),F,N,입소후자연사,328352201400001,인천광역시수의사회,032-515-7567,"인천광역시 계양구 다남로165번길 56 (다남동, 유기동물보호소) ",박정현,인천광역시 연수구,2024-01-02 00:00:00.0,,,,,,,,,,,,,,,,,,,,,,,
426338202300619,20231229,좋은강안병원 장례식장 앞,[개] 웰시 코기 카디건,417000,개,000205,웰시 코기 카디건,갈색+흰색,2022(년생),12(Kg),부산-수영-2024-00002,20240102,20240112,http://openapi.animal.go.kr/openapi/service/rest/fileDownloadSrvc/files/shelter/2023/11/202401021101173.jpg,http://openapi.animal.go.kr/openapi/service/rest/fileDownloadSrvc/files/shelter/2023/11/202401021101191.jpg,,종료(반환),F,U,순함,326338201300001,(사)동부동물보호협회,051-701-7599,부산광역시 해운대구 송정2로13번길 46 (송정동) ,장영철,부산광역시 수영구,2024-01-04 00:00:00.0,,410100008025183,-,,,,,,,,,,,,,,,,,,,,
426332202300992,20231229,만덕고개길 83 인근,[개] 믹스견,417000,개,000114,믹스견,황색,2024(년생),3.5(Kg),부산-북구-2024-00006,20240102,20240112,http://openapi.animal.go.kr/openapi/service/rest/fileDownloadSrvc/files/shelter/2023/11/202401021401553.png,,,종료(입양),F,N,"3두 동시입소, 온순하고 호기심이 많음, 북구1-172",326332201000001,부산동물보호센터,051-832-7119,부산광역시 강서구 맥도강변길 752-15 (대저2동) ,김영진,부산광역시 북구,2024-02-15 00:00:00.0,,,,,,,,,,,,,,,,,,,,,,,
426332202300991,20231229,만덕고개길 83 인근,[개] 믹스견,417000,개,000114,믹스견,황색,2024(년생),3.5(Kg),부산-북구-2024-00005,20240102,20240112,http://openapi.animal.go.kr/openapi/service/rest/fileDownloadSrvc/files/shelter/2023/11/202401021401621.png,http://openapi.animal.go.kr/openapi/service/rest/fileDownloadSrvc/files/shelter/2024/03/202403281103857.jpg,,종료(자연사),M,N,"3두 동시입소, 온순하고 호기심이 많음, 북구1-171",326332201000001,부산동물보호센터,051-832-7119,부산광역시 강서구 맥도강변길 752-15 (대저2동) ,김영진,부산광역시 북구,2024-03-28 00:00:00.0,돌연사,,,,,,,,,,,,,,,,,,,,,,
426332202300990,20231229,만덕고개길 83 인근,[개] 믹스견,417000,개,000114,믹스견,황색,2024(년생),3.5(Kg),부산-북구-2024-00004,20240102,20240112,http://openapi.animal.go.kr/openapi/service/rest/fileDownloadSrvc/files/shelter/2023/11/202401021401763.png,http://openapi.animal.go.kr/openapi/service/rest/fileDownloadSrvc/files/shelter/2024/03/202403281103880[1].jpg,,종료(자연사),F,N,"3두 동시입소, 온순하고 호기심이 많음, 북구1-170",326332201000001,부산동물보호센터,051-832-7119,부산광역시 강서구 맥도강변길 752-15 (대저2동) ,김영진,부산광역시 북구,2024-03-28 00:00:00.0,돌연사,,,,,,,,,,,,,,,,,,,,,,
411313202301007,20231229,마포 공덕1-2 공영주차장부근,[개] 믹스견,417000,개,000114,믹스견,갈색,2016(년생),7.6(Kg),서울-마포-2024-00001,20240102,20240112,http://openapi.animal.go.kr/openapi/service/rest/fileDownloadSrvc/files/shelter/2023/11/20231230111241.jpg,,,종료(자연사),M,N,겁이많고 경계함,311313201000017,홍익동물병원,02-325-2026,서울특별시 마포구 독막로 45 (합정동) ,이대영,서울특별시 마포구,2024-09-20 00:00:00.0,자연사,,,,,,,,,,,,,,,,,,,,,,
411311202301013,20231229,갈현동 510-24 인근,[기타축종] 거북이,429900,기타,000117,기타축종,노/검,2023(년생),0.5(Kg),서울-은평-2024-00004,20240102,20240112,http://openapi.animal.go.kr/openapi/service/rest/fileDownloadSrvc/files/shelter/2023/11/202312301412841.jpg,,,종료(안락사),Q,U,활발함. 외관양호. 연령및 성별 추정 어려움. 제일작음.,311311201100001,한국동물구조관리협회,031-867-9119,경기도 양주시 남면 감악산로 63-48  ,김철훈,서울특별시 은평구,2024-01-24 00:00:00.0,보호기간종료.,,,,,,,,,,,,,,,,,,,,,,
411311202301012,20231229,갈현동 510-24 인근,[기타축종] 거북이,429900,기타,000117,기타축종,노/검,2023(년생),1(Kg),서울-은평-2024-00003,20240102,20240112,http://openapi.animal.go.kr/openapi/service/rest/fileDownloadSrvc/files/shelter/2023/11/202312301412992.jpg,,,종료(안락사),Q,U,온순함. 외관양호. 연령및 성별추정 어려움. 중간크기.,311311201100001,한국동물구조관리협회,031-867-9119,경기도 양주시 남면 감악산로 63-48  ,김철훈,서울특별시 은평구,2024-01-24 00:00:00.0,보호기간종료.,,,,,,,,,,,,,,,,,,,,,,
411311202301011,20231229,갈현동 510-24 인근,[기타축종] 거북,429900,기타,000117,기타축종,노/검,2023(년생),1.2(Kg),서울-은평-2024-00002,20240102,20240112,http://openapi.animal.go.kr/openapi/service/rest/fileDownloadSrvc/files/shelter/2023/11/202312301412590.jpg,,,종료(안락사),Q,U,온순함. 외관양호. 연령및 성별추정 어려움. 제일큼.,311311201100001,한국동물구조관리협회,031-867-9119,경기도 양주시 남면 감악산로 63-48  ,김철훈,서울특별시 은평구,2024-01-24 00:00:00.0,보호기간종료.,,,,,,,,,,,,,,,,,,,,,,
411306202300876,20231229,중화동 태릉시장 주변,[개] 말티즈,417000,개,000072,말티즈,흰,2013(년생),1.7(Kg),서울-중랑-2024-00001,20240102,20240122,http://openapi.animal.go.kr/openapi/service/rest/fileDownloadSrvc/files/shelter/2023/11/202312301112182.jpg,,,종료(반환),F,U,코팥죽색.혀나옴.치석.온순하다얼굴만지기등싫어하는행동하면입질.꼬리단미안됨.털때탐.,311306201300001,한국동물구조관리협회,031-867-9119,경기도 양주시 남면 감악산로 63-37 ,김철훈,서울특별시 중랑구,2024-01-02 00:00:00.0,,,,,,,,,,,,,,,,,,,,,,,
411304202300878,20231229,긴고랑로176 인근,[고양이] 한국 고양이,422400,고양이,000200,한국 고양이,검/흰,2016(년생),2.2(Kg),서울-광진-2024-00001,20240102,20240112,http://openapi.animal.go.kr/openapi/service/rest/fileDownloadSrvc/files/shelter/2023/11/202312301412388.jpg,,,종료(자연사),M,N,기력없음. 탈수. 넥카라/카테터삽입되어있음. 저체온. 기립불능. 노령.,311304200900003,한국동물구조관리협회,031-867-9119,경기도 양주시 남면 감악산로 63-37 (남면) ,김철훈,서울특별시 광진구,2024-01-03 00:00:00.0,기력없음.식욕없음.탈수.저체온.,,,,,,,,,,,,,,,,,,,,,,
447521202400003,20231229,벽진면 운정3길32-2,[개] 엄마는 노리치테리어,417000,개,000115,기타,흰색 검은색,2024(60일미만)(년생),1.5(Kg),경북-성주-2024-00003,20240101,20240108,http://openapi.animal.go.kr/openapi/service/rest/fileDownloadSrvc/files/shelter/2023/11/202401011701658.jpg,,,종료(입양),F,N,배변가리고 순하고 건강함,347521201900002,성주군동물보호센터,010-2949-6699,경상북도 성주군 선남면 선노로 522 (선남면) ,박명석,경상북도 성주군,2024-10-04 00:00:00.0,,,,,,,,,,,,,,,,,,,,,,,
446480202301862,20231229,용천사우나부근,[개] 믹스견,417000,개,000114,믹스견,흰색,2020(년생),14(Kg),전남-목포-2024-00001,20240101,20240111,http://openapi.animal.go.kr/openapi/service/rest/fileDownloadSrvc/files/shelter/2023/11/202312291912310.jpg,,,종료(자연사),F,U,"심한경계, 수일동안 사람과 산책견을 공격, 목줄없이 배회",346480201000001,목포시유기동물보호소,010-9678-9966,전라남도 무안군 삼향읍 석매길 36  ,김성진,전라남도 목포시,2024-02-20 00:00:00.0,,,,,,,,,,,,,,,,,,,,,,,
446483202301926,20231229,나주시 북망문길25-1,[개] 믹스견,417000,개,000114,믹스견,갈색,2018(년생),24(Kg),전남-나주-2023-01579,20231231,20240110,http://openapi.animal.go.kr/openapi/service/rest/fileDownloadSrvc/files/shelter/2023/11/202312311712745.jpg,http://openapi.animal.go.kr/openapi/service/rest/fileDownloadSrvc/files/shelter/2023/11/202312311712352.jpg,,종료(자연사),F,N,빈집에 강아지2마리기름 포획구조,346483202100001,나주유기동물보호센터,010-2331-7377,전라남도 나주시 산포면 내기3길 71-43 [*미고시] ,조왕애,전라남도 나주시,2024-01-22 00:00:00.0,장염설사로인하여폐사,,,,,,,,,,,,,,,,,,,,,,
445467202302650,20231229,수송동785,[개] 라이카,417000,개,000142,라이카,화이트,2019(년생),30(Kg),전북-군산-2023-01714,20231231,20240115,http://openapi.animal.go.kr/openapi/service/rest/fileDownloadSrvc/files/shelter/2023/11/202312311512878.jpg,,,종료(반환),M,N,약간 경계함,345467201000001,군산유기동물보호센터,063-451-2975,전북특별자치도 군산시 대야면 보덕안정길 124  ,이강노,전북특별자치도 군산시,2023-12-31 00:00:00.0,,,,,,,,,,,,,,,,,,,,,,,
445467202302649,20231229,수송동785,[개] 믹스견,417000,개,000114,믹스견,화이트,2022(년생),15(Kg),전북-군산-2023-01713,20231231,20240115,http://openapi.animal.go.kr/openapi/service/rest/fileDownloadSrvc/files/shelter/2023/11/202312311512474.jpg,,,종료(반환),M,N,약간 경계함,345467201000001,군산유기동물보호센터,063-451-2975,전북특별자치도 군산시 대야면 보덕안정길 124  ,이강노,전북특별자치도 군산시,2023-12-31 00:00:00.0,,,,,,,,,,,,,,,,,,,,,,,
442420202300715,20231229,주문진 신리천로 다리밑,[개] 믹스견,417000,개,000114,믹스견,"흰색,갈색",2024(60일미만)(년생),1.8(Kg),강원-강릉-2023-00718,20231231,20240110,http://openapi.animal.go.kr/openapi/service/rest/fileDownloadSrvc/files/shelter/2023/11/20240119220106.jpg,,,종료(입양),M,N,"2개월미만 추정, 다리밑에 박스담겨 유기",342420201500001,강릉시 동물사랑센터,033-641-7515,강원도 강릉시 성산면 내맬길 172  ,장혁,강원특별자치도 강릉시,2024-02-22 00:00:00.0,,,,,,,,,,,,,,,,,,,,,,,
442420202300714,20231229,주문진 신리천로 다리밑,[개] 믹스견,417000,개,000114,믹스견,"흰색,갈색",2024(60일미만)(년생),1.8(Kg),강원-강릉-2023-00717,20231231,20240110,http://openapi.animal.go.kr/openapi/service/rest/fileDownloadSrvc/files/shelter/2023/11/202401302201718.jpg,,,종료(입양),M,N,"2개월미만 추정, 다리밑에 박스담겨 유기",342420201500001,강릉시 동물사랑센터,033-641-7515,강원도 강릉시 성산면 내맬길 172  ,장혁,강원특별자치도 강릉시,2024-02-22 00:00:00.0,,,,,,,,,,,,,,,,,,,,,,,
442419202300848,20231229,단구롯데시네마GS편의점,[개] 믹스견,417000,개,000114,믹스견,검정,2021(년생),15(Kg),강원-원주-2023-00786,20231231,20240110,http://openapi.animal.go.kr/openapi/service/rest/fileDownloadSrvc/files/shelter/2023/11/202312312212540.jpg,,,종료(반환),M,N,목줄착용,342419200900001,원주시동물보호센터,033-731-1119,강원특별자치도 원주시 호저면 칠봉로 109-17  ,유대봉,강원특별자치도 원주시,2024-01-03 00:00:00.0,,,,,,,,,,,,,,,,,,,,,,,
442419202300847,20231229,미륵산길 ,[개] 믹스견,417000,개,000114,믹스견,갈색&흰색,2026(60일미만)(년생),2(Kg),강원-원주-2023-00785,20231231,20240110,http://openapi.animal.go.kr/openapi/service/rest/fileDownloadSrvc/files/shelter/2023/11/202312312212934.jpg,,,보호중,F,N,"흰,갈색",342419200900001,원주시동물보호센터,033-731-1119,강원특별자치도 원주시 호저면 칠봉로 109-17  ,유대봉,강원특별자치도 원주시,2026-05-29 09:31:16.0,,,,,,,,,,,,,,,,,,,,,,,
442419202300846,20231229,치악고물상부근,[개] 믹스견,417000,개,000114,믹스견,갈색,2023(60일미만)(년생),2(Kg),강원-원주-2023-00784,20231231,20240110,http://openapi.animal.go.kr/openapi/service/rest/fileDownloadSrvc/files/shelter/2023/11/202312312212305.jpg,,,종료(자연사),F,N,순함,342419200900001,원주시동물보호센터,033-731-1119,강원특별자치도 원주시 호저면 칠봉로 109-17  ,유대봉,강원특별자치도 원주시,2024-05-20 00:00:00.0,,,,,,,,,,,,,,,,,,,,,,,
447522202300277,20231229,왜관읍달오사거리,[개] 말티즈,417000,개,000072,말티즈,흰색,2021(년생),3.8(Kg),경북-칠곡-2023-00277,20231230,20240108,http://openapi.animal.go.kr/openapi/service/rest/fileDownloadSrvc/files/shelter/2023/11/20231230121253.jpg,,,종료(반환),M,N,29일밤달오사거리차길에목줄없이배회,347522201400001,칠곡유기동물보호센터,054-973-5710,경상북도 칠곡군 석적읍 포망로 341 (석적읍) ,윤광남,경상북도 칠곡군,2024-01-03 00:00:00.0,,,,,,,,,,,,,,,,,,,,,,,
445467202302648,20231229,산북동 하늘가1차 부근,[개] 푸들,417000,개,000128,푸들,갈색,2015(년생),8(Kg),전북-군산-2023-01712,20231230,20240112,http://openapi.animal.go.kr/openapi/service/rest/fileDownloadSrvc/files/shelter/2023/11/202312301012917.jpg,,,종료(반환),M,N,분홍생 패딩옷 착용,345467201000001,군산유기동물보호센터,063-451-2975,전북특별자치도 군산시 대야면 보덕안정길 124  ,이강노,전북특별자치도 군산시,2023-12-30 00:00:00.0,,410100008083206,-,,,,,,,,,,,,,,,,,,,,
441560202301991,20231229,영중면 사은다리길 50-41 인근,[개] 믹스견,417000,개,000114,믹스견,흰/연갈,2023(년생),3.6(Kg),경기-포천-2023-01415,20231230,20240109,http://openapi.animal.go.kr/openapi/service/rest/fileDownloadSrvc/files/shelter/2023/11/202312301412824.jpg,,,종료(안락사),M,N,귀접힘. 코검정. 몸 도깨비풀. 겁많음. 방어적입질. 꼬리단미안됨. 털때탐. ,341560201000002,한국동물구조관리협회,031-867-9119,경기도 양주시 남면 감악산로 63-37  ,김철훈,경기도 포천시,2024-01-17 00:00:00.0,보호기간종료.,,,,,,,,,,,,,,,,,,,,,,
441560202301990,20231229,영중면 사은다리길 50-41 인근,[개] 믹스견,417000,개,000114,믹스견,흰,2023(년생),3(Kg),경기-포천-2023-01414,20231230,20240109,http://openapi.animal.go.kr/openapi/service/rest/fileDownloadSrvc/files/shelter/2023/11/202312301412573.jpg,,,종료(안락사),F,U,귀접힘. 코검정. 겁많음. 방어적입질. 꼬리단미안됨. 털상태양호. ,341560201000002,한국동물구조관리협회,031-867-9119,경기도 양주시 남면 감악산로 63-37  ,김철훈,경기도 포천시,2024-01-22 00:00:00.0,보호기간종료.,,,,,,,,,,,,,,,,,,,,,,
441414202300983,20231229,한탄강 관광지 일대,[개] 믹스견,417000,개,000114,믹스견,검/흰,2023(년생),4.4(Kg),경기-연천-2023-00486,20231230,20240109,http://openapi.animal.go.kr/openapi/service/rest/fileDownloadSrvc/files/shelter/2023/11/202312301412395.jpg,,,종료(안락사),F,U,귀접힘. 코검정. 겁많음. 방어적입질. 꼬리단미안됨. 털상태양호. ,341414201300001,한국동물구조관리협회,031-867-9119,경기도 양주시 남면 감악산로 63-37 ,김철훈,경기도 연천군,2024-01-22 00:00:00.0,보호기간종료.,,,,,,,,,,,,,,,,,,,,,,
441409202302140,20231229,대곶면 초원지리 403 인근,[개] 믹스견,417000,개,000114,믹스견,흰,2023(60일미만)(년생),1.7(Kg),경기-김포-2023-01027,20231230,20240109,http://openapi.animal.go.kr/openapi/service/rest/fileDownloadSrvc/files/shelter/2023/11/202312301312861.jpg,,,종료(안락사),M,N,좌안/우전지/턱쪽 등 온몸 곳곳 피부질환. 귀접힘. 코검정. 겁많음. 방어적입질. 꼬리단미안됨. 털때탐. ,341409201400001,한국동물구조관리협회,031-867-9119,경기도 양주시 남면 감악산로 63-37 (남면) ,김철훈,경기도 김포시,2024-01-22 00:00:00.0,보호기간종료.,,,,,,,,,,,,,,,,,,,,,,
441409202302139,20231229,대곶북로 504 인근,[개] 믹스견,417000,개,000114,믹스견,갈/흰,2017(년생),14.5(Kg),경기-김포-2023-01026,20231230,20240109,http://openapi.animal.go.kr/openapi/service/rest/fileDownloadSrvc/files/shelter/2023/11/202312301312293.jpg,,,종료(안락사),M,N,귀접힘. 코분홍. 겁많으나 방어적 입질. 꼬리단미안됨. 털때탐. ,341409201400001,한국동물구조관리협회,031-867-9119,경기도 양주시 남면 감악산로 63-37 (남면) ,김철훈,경기도 김포시,2024-01-22 00:00:00.0,보호기간종료.,,,,,,,,,,,,,,,,,,,,,,
441409202302138,20231229,대곶면 대곶북로67 인근,[개] 믹스견,417000,개,000114,믹스견,갈,2013(년생),4.3(Kg),경기-김포-2023-01025,20231230,20240109,http://openapi.animal.go.kr/openapi/service/rest/fileDownloadSrvc/files/shelter/2023/11/202312301312112[1].jpg,,,종료(안락사),F,U,고령. 귀접힘. 코검정. 유선종양. 사나움. 입질. 치석. 꼬리단미안됨. 털엉킴. ,341409201400001,한국동물구조관리협회,031-867-9119,경기도 양주시 남면 감악산로 63-37 (남면) ,김철훈,경기도 김포시,2024-01-22 00:00:00.0,보호기간종료.,,,,,,,,,,,,,,,,,,,,,,
441406202302122,20231229,파평면 파평산로454번길 74-7 인근,[개] 믹스견,417000,개,000114,믹스견,흰/검/갈,2023(60일미만)(년생),2(Kg),경기-파주-2023-01090,20231230,20240109,http://openapi.animal.go.kr/openapi/service/rest/fileDownloadSrvc/files/shelter/2023/11/202312301412400.jpg,,,종료(안락사),F,U,귀접힘. 코 흰색 점박이. 겁있으나 만지는건 가능함. 꼬리단미안됨. ,341406202200002,한국동물구조관리협회,031-867-9119,경기도 양주시 남면 감악산로 63-37  ,김철훈,경기도 파주시,2024-01-22 00:00:00.0,보호기간종료.,,,,,,,,,,,,,,,,,,,,,,
441398202300533,20231229,수택2동 삼성아파트 앞,[개] 믹스견,417000,개,000114,믹스견,갈/흰,2013(년생),8(Kg),경기-구리-2023-00136,20231230,20240109,http://openapi.animal.go.kr/openapi/service/rest/fileDownloadSrvc/files/shelter/2023/11/202312301412292.jpg,,,종료(안락사),F,U,코분홍.스파이더맨문양있는은색옷/주황색하네스.심한치석.겁조금있으나온순함.꼬리단미안됨.,341398200900001,한국동물구조관리협회,031-867-9119,경기도 양주시 남면 감악산로 63-37  ,김철훈,경기도 구리시,2024-01-22 00:00:00.0,보호기간종료.,,,,,,,,,,,,,,,,,,,,,,
441394202302671,20231229,현천동 208 부근,[개] 믹스견,417000,개,000114,믹스견,흰색,2023(년생),2(Kg),경기-고양-2023-01061,20231230,20240109,http://openapi.animal.go.kr/openapi/service/rest/fileDownloadSrvc/files/shelter/2023/11/202312292012572.jpg,http://openapi.animal.go.kr/openapi/service/rest/fileDownloadSrvc/files/shelter/2024/03/202404021704462.jpg,,종료(기증),F,N,강아지,341394201400001,고양시동물보호센터,031-962-3232,"경기도 고양시 덕양구 고양대로 1695 (원흥동, 고양시 농업기술센터) 고양시동물보호센터",권지선,경기도 고양시,2024-04-03 00:00:00.0,,,,,,,,,,,,,,,,,,,,,,,
441394202302670,20231229,현천동 208 부근,[개] 믹스견,417000,개,000114,믹스견,황색,2023(년생),2.4(Kg),경기-고양-2023-01060,20231230,20240109,http://openapi.animal.go.kr/openapi/service/rest/fileDownloadSrvc/files/shelter/2023/11/202312292012736.jpg,http://openapi.animal.go.kr/openapi/service/rest/fileDownloadSrvc/files/shelter/2024/04/202405081505676.jpg,,종료(안락사),M,N,강아지,341394201400001,고양시동물보호센터,031-962-3232,"경기도 고양시 덕양구 고양대로 1695 (원흥동, 고양시 농업기술센터) 고양시동물보호센터",권지선,경기도 고양시,2024-05-08 00:00:00.0,동물보호센터 운영 지침  제20조 제2항 제5호,,,,,,,,,,,,,,,,,,,,,,
441394202302669,20231229,현천동 208 부근,[개] 믹스견,417000,개,000114,믹스견,흑갈색,2023(년생),2.3(Kg),경기-고양-2023-01059,20231230,20240109,http://openapi.animal.go.kr/openapi/service/rest/fileDownloadSrvc/files/shelter/2023/11/202312292012246.jpg,http://openapi.animal.go.kr/openapi/service/rest/fileDownloadSrvc/files/shelter/2024/03/202404021604877[2].jpg,,종료(기증),F,N,강아지,341394201400001,고양시동물보호센터,031-962-3232,"경기도 고양시 덕양구 고양대로 1695 (원흥동, 고양시 농업기술센터) 고양시동물보호센터",권지선,경기도 고양시,2024-04-03 00:00:00.0,,,,,,,,,,,,,,,,,,,,,,,
441394202302668,20231229,덕이동 1529 부근,[개] 믹스견,417000,개,000114,믹스견,흰색,2022(년생),13(Kg),경기-고양-2023-01058,20231230,20240109,http://openapi.animal.go.kr/openapi/service/rest/fileDownloadSrvc/files/shelter/2023/11/202401121601220.jpg,http://openapi.animal.go.kr/openapi/service/rest/fileDownloadSrvc/files/shelter/2024/03/202404031604109.jpg,,종료(안락사),M,N,검정색목줄 착용,341394201400001,고양시동물보호센터,031-962-3232,"경기도 고양시 덕양구 고양대로 1695 (원흥동, 고양시 농업기술센터) 고양시동물보호센터",권지선,경기도 고양시,2024-04-03 00:00:00.0,동물보호센터 운영 지침 제20조 제2항 제4호,,,,,,,,,,,,,,,,,,,,,,
441382202301011,20231229,태평로 90번길 14 인근,[기타축종] 토끼끼,429900,기타,000117,기타축종,흰/갈,2023(년생),1.6(Kg),경기-의정부-2023-00316,20231230,20240109,http://openapi.animal.go.kr/openapi/service/rest/fileDownloadSrvc/files/shelter/2023/11/202312301312549.jpg,,,종료(입양),M,N,갈색점박이 무늬. 온순함. 친화적. 연령및 성별 추정 어려움. ,341382200900001,한국동물구조관리협회,031-867-9119,경기도 양주시 남면 감악산로 63-37 (남면) ,김철훈,경기도 의정부시,2024-01-25 00:00:00.0,,,,,,,,,,,,,,,,,,,,,,,
441382202301010,20231229,태평로89번길 5 진향장 여인숙 일대,[개] 푸들,417000,개,000128,푸들,갈,2013(년생),3(Kg),경기-의정부-2023-00315,20231230,20240109,http://openapi.animal.go.kr/openapi/service/rest/fileDownloadSrvc/files/shelter/2023/11/202312301312968.jpg,,,종료(반환),F,U,귀접힘. 코검정. 베이지색옷. 양눈백내장. 치석. 매우사나움. 입질. 꼬리단미됨. 털상태양호. ,341382200900001,한국동물구조관리협회,031-867-9119,경기도 양주시 남면 감악산로 63-37 (남면) ,김철훈,경기도 의정부시,2024-01-04 00:00:00.0,,,,,,,,,,,,,,,,,,,,,,,
431371202300644,20231229,동부 패밀리,[개] 믹스견,417000,개,000114,믹스견,흰색,2021(년생),10(Kg),울산-동구-2023-00361,20231230,20240109,http://openapi.animal.go.kr/openapi/service/rest/fileDownloadSrvc/files/shelter/2023/11/202312301612659.jpg,,,종료(안락사),M,U,"귀가 큰 편, 얼굴형 갸름, 순한 편",331371201200001,울산유기동물보호센터,052-238-6113,울산광역시 울주군 온양읍 화산발리로 543 (온양읍) ,조구래,울산광역시 동구,2025-02-14 10:23:23.0,개체수 포화 상태,,,,,,,,,,,,,,,,,,,,,,
431370202301295,20231229,sk합성,[개] 믹스견,417000,개,000114,믹스견,흰/부분 황색,2020(년생),5(Kg),울산-남구-2023-00806,20231230,20240109,http://openapi.animal.go.kr/openapi/service/rest/fileDownloadSrvc/files/shelter/2023/11/20231230151285.jpg,http://openapi.animal.go.kr/openapi/service/rest/fileDownloadSrvc/files/shelter/2023/11/202401081701557[1].jpg,,종료(안락사),Q,U,교통사고로 상태 안좋음,331370201200003,울산유기동물보호센터,052-238-6113,울산광역시 울주군 온양읍 화산발리로 543 (온양읍) ,조구래,울산광역시 남구,2024-01-08 00:00:00.0,"골반 5군데 골절, 머리 충격으로 왼쪽 안구 돌출",,,,,,,,,,,,,,,,,,,,,,
428349202301142,20231229,제빵소카페 근처,[고양이] 한국 고양이,422400,고양이,000200,한국 고양이,고등어무늬,2023(년생),1.72(Kg),인천-중구-2023-00746,20231230,20240109,http://openapi.animal.go.kr/openapi/service/rest/fileDownloadSrvc/files/shelter/2023/11/20231229171267.jpg,http://openapi.animal.go.kr/openapi/service/rest/fileDownloadSrvc/files/shelter/2023/11/202401121201816.jpg,,종료(방사),F,U,"구조시 기운이 없고, 눈이 부어있음",328349201500001,신공항동물병원,032-751-4598,인천광역시 중구 운남동로3번길 9 (운남동) ,안재훈,인천광역시 중구,2024-01-12 00:00:00.0,,,,,,,,,,,,,,,,,,,,,,,
428349202301141,20231229,을왕로 26번지 인근,[개] 믹스견,417000,개,000114,믹스견,흰색,2023(년생),8.5(Kg),인천-중구-2023-00745,20231230,20240109,http://openapi.animal.go.kr/openapi/service/rest/fileDownloadSrvc/files/shelter/2023/11/20231229151262.jpg,http://openapi.animal.go.kr/openapi/service/rest/fileDownloadSrvc/files/shelter/2023/11/20240116190150.jpg,,종료(안락사),F,U,"2마리 같이 구조, 매우 사람을 잘 따르고 순함",328349201500001,신공항동물병원,032-751-4598,인천광역시 중구 운남동로3번길 9 (운남동) ,안재훈,인천광역시 중구,2024-01-16 00:00:00.0,,,,,,,,,,,,,,,,,,,,,,,
428349202301140,20231229,을왕로 26번지 인근,[개] 믹스견,417000,개,000114,믹스견,흰색,2023(년생),10(Kg),인천-중구-2023-00744,20231230,20240109,http://openapi.animal.go.kr/openapi/service/rest/fileDownloadSrvc/files/shelter/2023/11/202312291512639.jpg,http://openapi.animal.go.kr/openapi/service/rest/fileDownloadSrvc/files/shelter/2023/11/202401161401912.jpg,,종료(안락사),M,U,"2마리 같이 구조, 매우 사람을 잘 따르고 순함",328349201500001,신공항동물병원,032-751-4598,인천광역시 중구 운남동로3번길 9 (운남동) ,안재훈,인천광역시 중구,2024-01-16 00:00:00.0,,,,,,,,,,,,,,,,,,,,,,,
428349202301139,20231229,인천공항,[고양이] 한국 고양이,422400,고양이,000200,한국 고양이,고등어무늬,2020(년생),2(Kg),인천-중구-2023-00743,20231230,20240109,http://openapi.animal.go.kr/openapi/service/rest/fileDownloadSrvc/files/shelter/2023/11/202312311212534.jpg,http://openapi.animal.go.kr/openapi/service/rest/fileDownloadSrvc/files/shelter/2023/11/202401121101163.jpg,,종료(방사),Q,U,"구조시 기운이 없고, 구토증세",328349201500001,신공항동물병원,032-751-4598,인천광역시 중구 운남동로3번길 9 (운남동) ,안재훈,인천광역시 중구,2024-01-12 00:00:00.0,,,,,,,,,,,,,,,,,,,,,,,
427341202300734,20231229,까치아파트 인근,[고양이] 한국 고양이,422400,고양이,000200,한국 고양이,밤색 흰색,2023(60일미만)(년생),1(Kg),대구-중구-2023-00277,20231230,20240109,http://openapi.animal.go.kr/openapi/service/rest/fileDownloadSrvc/files/shelter/2023/11/202312291712657.jpg,http://openapi.animal.go.kr/openapi/service/rest/fileDownloadSrvc/files/shelter/2023/11/202312291712673.jpg,http://openapi.animal.go.kr/openapi/service/rest/fileDownloadSrvc/files/shelter/2023/11/202312291712690.jpg,종료(입양),M,N,2-3개월 추정,327341201200004,대구시수의사회(동산),053-254-3366,대구광역시 중구 남성로 서성로 34 (남성로) ,박준서,대구광역시 중구,2024-01-10 00:00:00.0,,,,,,,,,,,,,,,,,,,,,,,
411324202300800,20231229,선사고등학교주변,[고양이] 한국 고양이,422400,고양이,000200,한국 고양이,"갈색,흰색",2017(년생),"2,1(Kg)",서울-강동-2023-00270,20231230,20240109,http://openapi.animal.go.kr/openapi/service/rest/fileDownloadSrvc/files/shelter/2023/11/202312291812220.jpg,,,종료(자연사),Q,Y,"caccexia,  stomatitis",311324201600004,GD동물병원,02-429-8822,서울특별시 강동구 상일로 13 (상일동) 1~2층 GD동물병원,정영래,서울특별시 강동구,2024-01-04 00:00:00.0,다발성장기부전,,,,,,,,,,,,,,,,,,,,,,
411324202300799,20231229,둔촌동98-61,[개] 진도견,417000,개,000067,진도견,흰색,2018(년생),20(Kg),서울-강동-2023-00269,20231230,20240109,http://openapi.animal.go.kr/openapi/service/rest/fileDownloadSrvc/files/shelter/2023/11/202312291612854.jpg,http://openapi.animal.go.kr/openapi/service/rest/fileDownloadSrvc/files/shelter/2023/11/202401231401482.jpg,,종료(입양),F,N,온순함,311324201600002,둔촌동물병원,02-474-5100,서울특별시 강동구 양재대로 1385 (성내동) 둔촌동물병원,윤형선,서울특별시 강동구,2024-01-23 00:00:00.0,,,,,,,,,,,,,,,,,,,,,,,
411318202300599,20231229,신길동 서울지방병무청역 인근,[개] 믹스견,417000,개,000114,믹스견,검,2021(년생),20(Kg),서울-영등포-2023-00147,20231230,20240109,http://openapi.animal.go.kr/openapi/service/rest/fileDownloadSrvc/files/shelter/2023/11/202312301412155.jpg,,,종료(반환),M,Y,코검정. 귀접힘. 빨간바탕에 파란줄무늬 목걸이. 사람잘따름. 꼬리단미안됨. 털상태양호. ,311318201200001,한국동물구조관리협회,031-867-9119,경기도 양주시 남면 감악산로 63-37 ,김철훈,서울특별시 영등포구,2023-12-30 00:00:00.0,,,,,,,,,,,,,,,,,,,,,,,
411317202300428,20231229,독산한신아파트 인근,[고양이] 하일랜드 폴드,422400,고양이,000199,하일랜드 폴드,갈/검/흰,2019(년생),4(Kg),서울-금천-2023-00160,20231230,20240109,http://openapi.animal.go.kr/openapi/service/rest/fileDownloadSrvc/files/shelter/2023/11/202312301412294.jpg,,,종료(반환),M,Y,코분홍. 온순함. 얌전함. 털상태양호. ,311317201400001,한국동물구조관리협회,031-867-9119,경기도 양주시 남면 감악산로 63-37 (남면) ,김철훈,서울특별시 금천구,2023-12-30 00:00:00.0,,,,,,,,,,,,,,,,,,,,,,,
411315202300791,20231229,화곡로56길 33 금호아파트 상가,[개] 말티즈,417000,개,000072,말티즈,흰,2018(년생),3.8(Kg),서울-강서-2023-00240,20231230,20240109,http://openapi.animal.go.kr/openapi/service/rest/fileDownloadSrvc/files/shelter/2023/11/202312301312342.jpg,,,종료(입양),M,Y,눈물자국. 귀접힘. 코팥죽색. 낑낑거림. 활발함. 친화적. 꼬리단미안됨. 털상태양호. ,311315200900001,한국동물구조관리협회,031-867-9119,경기도 양주시 남면 감악산로 63-37 (남면) 한국동물구조관리협회,김철훈,서울특별시 강서구,2024-01-15 00:00:00.0,,,,,,,,,,,,,,,,,,,,,,,
411312202300745,20231229,통일로 169 인근,[개] 믹스견,417000,개,000114,믹스견,흰,2023(년생),3.9(Kg),서울-서대문-2023-00144,20231230,20240109,http://openapi.animal.go.kr/openapi/service/rest/fileDownloadSrvc/files/shelter/2023/11/202312301112141.jpg,,,종료(안락사),F,U,귀접힘. 코검정. 겁있으나 만지는건 가능함. 꼬리단미안됨. 털때탐. ,311312201100001,한국동물구조관리협회,031-867-9119,경기도 양주시 남면 감악산로 63-37  ,김철훈,서울특별시 서대문구,2024-01-24 00:00:00.0,보호기간종료.,,,,,,,,,,,,,,,,,,,,,,
411308202300839,20231229,솔샘로 174 인근,[개] 시츄,417000,개,000101,시츄,갈/흰,2020(년생),5.8(Kg),서울-강북-2023-00237,20231230,20240109,http://openapi.animal.go.kr/openapi/service/rest/fileDownloadSrvc/files/shelter/2023/11/202312301112115.jpg,,,종료(입양),M,N,귀접힘. 코검정. 송곳니 유치안빠짐. 부정교합. 온순함. 친화적. 꼬리단미안됨. 털상태양호. ,311308201000001,한국동물구조관리협회,031-867-9119,경기도 양주시 남면 상수리 410-1,김철훈,서울특별시 강북구,2024-01-15 00:00:00.0,,,,,,,,,,,,,,,,,,,,,,,
469569202301565,20231229,전동면 보덕리 313,[개] 믹스견,417000,개,000114,믹스견,갈색,2019(년생),23(Kg),세종-세종-2023-00588,20231229,20240108,http://openapi.animal.go.kr/openapi/service/rest/fileDownloadSrvc/files/shelter/2023/11/202312292012462.jpg,http://openapi.animal.go.kr/openapi/service/rest/fileDownloadSrvc/files/shelter/2023/11/202401111301456.jpg,,종료(안락사),F,U,심장사상충 양성,369569202000001,세종유기동물보호센터,010-4435-3720,세종특별자치시  전동면 미륵당1길 188 (전동면) ,김성구,세종특별자치시,2024-01-11 00:00:00.0,공고완료 / 입양문의없음,,,,,,,,,,,,,,,,,,,,,,
469569202301564,20231229,장군면 외암길 109,[개] 믹스견,417000,개,000114,믹스견,흰색,2023(년생),2.3(Kg),세종-세종-2023-00587,20231229,20240108,http://openapi.animal.go.kr/openapi/service/rest/fileDownloadSrvc/files/shelter/2023/11/202312292012404.jpg,http://openapi.animal.go.kr/openapi/service/rest/fileDownloadSrvc/files/shelter/2023/11/202401081601846[1].jpg,,종료(자연사),F,U,2개월 추정,369569202000001,세종유기동물보호센터,010-4435-3720,세종특별자치시  전동면 미륵당1길 188 (전동면) ,김성구,세종특별자치시,2024-01-08 00:00:00.0,미상 자연사,,,,,,,,,,,,,,,,,,,,,,
450650202304453,20231229,제주시 애월읍 납읍로2길47 납읍초등학교	,[고양이] 한국 고양이,422400,고양이,000200,한국 고양이,갈색,2023(년생),0.4(Kg),제주-제주-2023-04285,20231229,20240108,http://openapi.animal.go.kr/openapi/service/rest/fileDownloadSrvc/files/shelter/2023/11/202312291712970.jpeg,,,종료(입양),F,N,개체관리번호 23816 - 3개월,350650201200001,제주 동물보호센터,064-710-4065,제주특별자치도 제주시 첨단동길 184-14 (용강동) ,문성업,제주특별자치도,2024-01-18 00:00:00.0,,,,,,,,,,,,,,,,,,,,,,,
450650202304452,20231229,제주시 노형동 진군남2길12대성트윈빌,[고양이] 한국 고양이,422400,고양이,000200,한국 고양이,흰노,2022(년생),2.5(Kg),제주-제주-2023-04284,20231229,20240108,http://openapi.animal.go.kr/openapi/service/rest/fileDownloadSrvc/files/shelter/2023/11/202312291712779.jpg,http://openapi.animal.go.kr/openapi/service/rest/fileDownloadSrvc/files/shelter/2023/11/202312301012969.jpg,,종료(자연사),F,U,"개체관리번호 23815 - 좌후지외상,광범위한 피부결손",350650201200001,제주 동물보호센터,064-710-4065,제주특별자치도 제주시 첨단동길 184-14 (용강동) ,문성업,제주특별자치도,2023-12-30 00:00:00.0,"좌후지외상,심한결손",,,,,,,,,,,,,,,,,,,,,,
450650202304451,20231229,제주시 조천읍 교래리산137-1,[개] 믹스견,417000,개,000114,믹스견,검갈,2023(년생),4(Kg),제주-제주-2023-04283,20231229,20240108,http://openapi.animal.go.kr/openapi/service/rest/fileDownloadSrvc/files/shelter/2023/11/202312291712898.jpg,http://openapi.animal.go.kr/openapi/service/rest/fileDownloadSrvc/files/shelter/2023/11/202401161201408.jpg,,종료(안락사),M,N,개체관리번호 3698 - 3개월,350650201200001,제주 동물보호센터,064-710-4065,제주특별자치도 제주시 첨단동길 184-14 (용강동) ,문성업,제주특별자치도,2024-01-16 00:00:00.0,공고기간경과,,,,,,,,,,,,,,,,,,,,,,
450650202304450,20231229,제주시 조천읍 교래리산137-1,[개] 믹스견,417000,개,000114,믹스견,검갈,2023(년생),4(Kg),제주-제주-2023-04282,20231229,20240108,http://openapi.animal.go.kr/openapi/service/rest/fileDownloadSrvc/files/shelter/2023/11/202312291612939.jpg,http://openapi.animal.go.kr/openapi/service/rest/fileDownloadSrvc/files/shelter/2023/11/202401121001264.jpeg,,종료(자연사),M,N,개체관리번호 3697 - 3개월,350650201200001,제주 동물보호센터,064-710-4065,제주특별자치도 제주시 첨단동길 184-14 (용강동) ,문성업,제주특별자치도,2024-01-12 00:00:00.0,,,,,,,,,,,,,,,,,,,,,,,
450650202304449,20231229,제주시 조천읍 중산간동로677대흘초등학교앞,[개] 믹스견,417000,개,000114,믹스견,흰색,2023(년생),5.2(Kg),제주-제주-2023-04281,20231229,20240108,http://openapi.animal.go.kr/openapi/service/rest/fileDownloadSrvc/files/shelter/2023/11/202312291612631.jpg,,,종료(입양),M,N,개체관리번호 3696 - 3개월,350650201200001,제주 동물보호센터,064-710-4065,제주특별자치도 제주시 첨단동길 184-14 (용강동) ,문성업,제주특별자치도,2024-01-15 00:00:00.0,,,,,,,,,,,,,,,,,,,,,,,
450650202304448,20231229,제주시 한림읍 일주서로4727,[개] 믹스견,417000,개,000114,믹스견,흰갈,2016(년생),14(Kg),제주-제주-2023-04280,20231229,20240108,http://openapi.animal.go.kr/openapi/service/rest/fileDownloadSrvc/files/shelter/2023/11/202312291612393.jpg,http://openapi.animal.go.kr/openapi/service/rest/fileDownloadSrvc/files/shelter/2023/11/202401241301514.jpg,,종료(안락사),F,U,개체관리번호 3695 ,350650201200001,제주 동물보호센터,064-710-4065,제주특별자치도 제주시 첨단동길 184-14 (용강동) ,문성업,제주특별자치도,2024-01-24 00:00:00.0,"공격성,행동장애",,,,,,,,,,,,,,,,,,,,,,
450650202304447,20231229,제주시 조천읍 조천리518,[개] 믹스견,417000,개,000114,믹스견,흰색,2023(년생),4.7(Kg),제주-제주-2023-04279,20231229,20240108,http://openapi.animal.go.kr/openapi/service/rest/fileDownloadSrvc/files/shelter/2023/11/202312291612460[1].jpg,http://openapi.animal.go.kr/openapi/service/rest/fileDownloadSrvc/files/shelter/2023/11/20240110130106[1].jpg,,종료(자연사),M,N,개체관리번호 3694 - 3개월,350650201200001,제주 동물보호센터,064-710-4065,제주특별자치도 제주시 첨단동길 184-14 (용강동) ,문성업,제주특별자치도,2024-01-10 00:00:00.0,파보양성,,,,,,,,,,,,,,,,,,,,,,
450650202304446,20231229,제주시 도남동 연삼로362도남벨리사우나타운문앞,[개] 비숑 프리제,417000,개,000018,비숑 프리제,흰색,2022(년생),5(Kg),제주-제주-2023-04278,20231229,20240108,http://openapi.animal.go.kr/openapi/service/rest/fileDownloadSrvc/files/shelter/2023/11/202312291612769.jpg,,,종료(반환),F,U,개체관리번호 3693 - 하늘색옷착용,350650201200001,제주 동물보호센터,064-710-4065,제주특별자치도 제주시 첨단동길 184-14 (용강동) ,문성업,제주특별자치도,2023-12-30 00:00:00.0,,,,,,,,,,,,,,,,,,,,,,,
450650202304445,20231229,제주시 해안동 사라길30,[개] 믹스견,417000,개,000114,믹스견,검갈,2021(년생),14.7(Kg),제주-제주-2023-04277,20231229,20240108,http://openapi.animal.go.kr/openapi/service/rest/fileDownloadSrvc/files/shelter/2023/11/202312291612429.jpg,http://openapi.animal.go.kr/openapi/service/rest/fileDownloadSrvc/files/shelter/2023/11/20240112110162.jpg,,종료(안락사),M,N,개체관리번호 3692 - 심장사상충/경계심,350650201200001,제주 동물보호센터,064-710-4065,제주특별자치도 제주시 첨단동길 184-14 (용강동) ,문성업,제주특별자치도,2024-01-12 00:00:00.0,공고기간경과,,,,,,,,,,,,,,,,,,,,,,
450650202304444,20231229,제주시 구좌읍 월정리541,[개] 믹스견,417000,개,000114,믹스견,흰색,2021(년생),30(Kg),제주-제주-2023-04276,20231229,20240108,http://openapi.animal.go.kr/openapi/service/rest/fileDownloadSrvc/files/shelter/2023/11/202312291612260.jpg,,,종료(반환),M,N,개체관리번호 3691 - 심장사상충/파란목줄/경계심,350650201200001,제주 동물보호센터,064-710-4065,제주특별자치도 제주시 첨단동길 184-14 (용강동) ,문성업,제주특별자치도,2024-01-02 00:00:00.0,,,,,,,,,,,,,,,,,,,,,,,
448538202300916,20231229,동면산지로242-28,[개] 믹스견,417000,개,000114,믹스견,갈색흰색,2023(년생),7.5(Kg),경남-양산-2023-00458,20231229,20240108,http://openapi.animal.go.kr/openapi/service/rest/fileDownloadSrvc/files/shelter/2023/11/202312291712620.jpg,http://openapi.animal.go.kr/openapi/service/rest/fileDownloadSrvc/files/shelter/2023/11/202312291712655.jpg,http://openapi.animal.go.kr/openapi/service/rest/fileDownloadSrvc/files/shelter/2023/11/202312291712688.jpg,종료(기증),F,U,"갈색흰색,소심함",348538200900001,양산시 동물보호센터,055-392-5669,경상남도 양산시 동면 양산대로 618  양산시 농업기술센터,양산시장,경상남도 양산시,2024-06-12 00:00:00.0,,,,,,,,,,,,,,,,,,,,,,,
448537202301179,20231229,거제 시청안 배회,[개] 믹스견,417000,개,000114,믹스견,흰색,2019(년생),22(Kg),경남-거제-2023-00690,20231229,20240108,http://openapi.animal.go.kr/openapi/service/rest/fileDownloadSrvc/files/shelter/2023/11/202312291512952.jpg,,,종료(반환),F,U,눈위에 상처있음,348537200900002,거제시동물보호센터,055-639-6368,경상남도 거제시 사등면 두동로1길 107  거제시동물보호센터,거제시청,경상남도 거제시,2024-01-02 00:00:00.0,,,,,,,,,,,,,,,,,,,,,,,
448536202302790,20231229,내이동,[고양이] 한국 고양이,422400,고양이,000200,한국 고양이,노랑줄,2023(년생),1(Kg),경남-밀양-2023-02114,20231229,20240108,http://openapi.animal.go.kr/openapi/service/rest/fileDownloadSrvc/files/shelter/2023/11/202312292212507.jpg,,,종료(방사),M,N,눈이 예쁜 냥이,348536201800001,밀양시 동물보호센터,010-5656-6665,경상남도 밀양시 삼랑진읍 천태로 472 (삼랑진읍) ,밀양시청,경상남도 밀양시,2024-01-18 00:00:00.0,,,,,,,,,,,,,,,,,,,,,,,
448534202301178,20231229,곤명면 마곡마을인근,[개] 골든 리트리버,417000,개,000054,골든 리트리버,갈색,2021(년생),20(Kg),경남-사천-2023-00504,20231229,20240108,http://openapi.animal.go.kr/openapi/service/rest/fileDownloadSrvc/files/shelter/2023/11/202312291312762[1].jpg,,,종료(입양),F,N,온순하고 사람을 좋아함.,348534202000001,사천시 동물보호센터,055-831-3768,경상남도 사천시 용현면 진삼로 902  사천시유기동물보호소,김성일,경상남도 사천시,2024-01-15 00:00:00.0,,,,,,,,,,,,,,,,,,,,,,,
448532202300793,20231229,두동 1898 부근,[개] 믹스견,417000,개,000114,믹스견,흰색,2026(60일미만)(년생),8(Kg),경남-창원3-2023-00411,20231229,20240108,http://openapi.animal.go.kr/openapi/service/rest/fileDownloadSrvc/files/shelter/2023/11/202312291212729.jpg,,,종료(입양),M,N,"7남매가 순둥이들임, 쌍꺼풀이 다 이쁨, 구충제 복용, 공고중 입양가능",348532200900001,진해유기동물보호소,055-225-5701,경상남도 창원시 진해구 웅천로 218 (성내동) 도시농업과 부지 내,창원시장,경상남도 창원시 진해구,2026-04-11 15:08:09.0,,410100004132101,-,,,,,,,,,,,,,,,,,,,,
448532202300792,20231229,두동 1898 부근,[개] 믹스견,417000,개,000114,믹스견,흰색,2026(60일미만)(년생),3.4(Kg),경남-창원3-2023-00410,20231229,20240108,http://openapi.animal.go.kr/openapi/service/rest/fileDownloadSrvc/files/shelter/2023/11/202312291212798.jpg,,,보호중,F,Y,"7남매가 순둥이들임, 쌍꺼풀이 다 이쁨, 구충제 복용, 공고중 입양가능",348532200900001,진해유기동물보호소,055-225-5701,경상남도 창원시 진해구 웅천로 218 (성내동) 도시농업과 부지 내,창원시장,경상남도 창원시 진해구,2026-03-17 14:36:38.0,,410100004132102,-,,,,,,,,,,,,,,,,,,,,
448532202300791,20231229,두동 1898 부근,[개] 믹스견,417000,개,000114,믹스견,제색,2024(60일미만)(년생),6(Kg),경남-창원3-2023-00409,20231229,20240108,http://openapi.animal.go.kr/openapi/service/rest/fileDownloadSrvc/files/shelter/2023/11/202312291212193.jpg,,,종료(입양),F,Y,"7남매가 순둥이들임, 쌍꺼풀이 다 이쁨, 구충제 복용, 공고중 입양가능",348532200900001,진해유기동물보호소,055-225-5701,경상남도 창원시 진해구 웅천로 218 (성내동) 도시농업과 부지 내,창원시장,경상남도 창원시 진해구,2024-02-29 00:00:00.0,,,,,,,,,,,,,,,,,,,,,,,
448532202300790,20231229,두동 1898 부근,[개] 믹스견,417000,개,000114,믹스견,흰색,2023(60일미만)(년생),4.4(Kg),경남-창원3-2023-00408,20231229,20240108,http://openapi.animal.go.kr/openapi/service/rest/fileDownloadSrvc/files/shelter/2023/11/202312291212373.jpg,,,종료(입양),M,N,"7남매가 순둥이들임, 쌍꺼풀이 다 이쁨, 구충제 복용, 공고중 입양가능",348532200900001,진해유기동물보호소,055-225-5701,경상남도 창원시 진해구 웅천로 218 (성내동) 도시농업과 부지 내,창원시장,경상남도 창원시 진해구,2024-02-23 00:00:00.0,,,,,,,,,,,,,,,,,,,,,,,
448532202300789,20231229,두동 1898 부근,[개] 믹스견,417000,개,000114,믹스견,제색,2023(60일미만)(년생),2.5(Kg),경남-창원3-2023-00407,20231229,20240108,http://openapi.animal.go.kr/openapi/service/rest/fileDownloadSrvc/files/shelter/2023/11/202312291212664.jpg,,,종료(자연사),F,N,"7남매가 순둥이들임, 쌍꺼풀이 다 이쁨, 구충제 복용, 공고중 입양가능",348532200900001,진해유기동물보호소,055-225-5701,경상남도 창원시 진해구 웅천로 218 (성내동) 도시농업과 부지 내,창원시장,경상남도 창원시 진해구,2024-01-08 00:00:00.0,파보 감염,,,,,,,,,,,,,,,,,,,,,,
448532202300788,20231229,두동 1898 부근,[개] 믹스견,417000,개,000114,믹스견,흰색,2023(60일미만)(년생),4(Kg),경남-창원3-2023-00406,20231229,20240108,http://openapi.animal.go.kr/openapi/service/rest/fileDownloadSrvc/files/shelter/2023/11/202312291212810.jpg,http://openapi.animal.go.kr/openapi/service/rest/fileDownloadSrvc/files/shelter/2023/11/202401141601342.jpg,,종료(입양),M,N,"7남매가 순둥이들임, 쌍꺼풀이 다 이쁨, 구충제 복용, 공고중 입양가능",348532200900001,진해유기동물보호소,055-225-5701,경상남도 창원시 진해구 웅천로 218 (성내동) 도시농업과 부지 내,창원시장,경상남도 창원시 진해구,2024-01-14 00:00:00.0,,,,,,,,,,,,,,,,,,,,,,,
448532202300787,20231229,두동 1898 부근,[개] 믹스견,417000,개,000114,믹스견,검정+흰색,2023(60일미만)(년생),3(Kg),경남-창원3-2023-00405,20231229,20240108,http://openapi.animal.go.kr/openapi/service/rest/fileDownloadSrvc/files/shelter/2023/11/202312291212321.jpg,http://openapi.animal.go.kr/openapi/service/rest/fileDownloadSrvc/files/shelter/2023/11/202401121701665.jpg,,종료(입양),F,N,"7남매가 순둥이들임, 쌍꺼풀이 다 이쁨, 구충제 복용, 공고중 입양가능",348532200900001,진해유기동물보호소,055-225-5701,경상남도 창원시 진해구 웅천로 218 (성내동) 도시농업과 부지 내,창원시장,경상남도 창원시 진해구,2024-01-12 00:00:00.0,,,,,,,,,,,,,,,,,,,,,,,
448531202303758,20231229,진주시 집현면 대암리 혈암마을,[개] 믹스견,417000,개,000114,믹스견,흰색+갈색+검정색,2023(60일미만)(년생),1.6(Kg),경남-진주-2023-00674,20231229,20240108,http://openapi.animal.go.kr/openapi/service/rest/fileDownloadSrvc/files/shelter/2023/11/202312291812349.jpg,,,종료(자연사),F,N,겁이많음,348531201000001,진주시동물보호센터,055-749-6134,"경상남도 진주시 집현면 신당길207번길 22 (집현면, 지역농업개발시설) ",농업기술센터소장,경상남도 진주시,2024-01-10 00:00:00.0,입원 치료 중 폐사,,,,,,,,,,,,,,,,,,,,,,
448531202303757,20231229,진주시 집현면 대암리 혈암마을,[개] 믹스견,417000,개,000114,믹스견,흰색+갈색,2023(60일미만)(년생),2.3(Kg),경남-진주-2023-00673,20231229,20240108,http://openapi.animal.go.kr/openapi/service/rest/fileDownloadSrvc/files/shelter/2023/11/202312291812807.jpg,,,종료(기증),F,N,겁이많음,348531201000001,진주시동물보호센터,055-749-6134,"경상남도 진주시 집현면 신당길207번길 22 (집현면, 지역농업개발시설) ",농업기술센터소장,경상남도 진주시,2024-02-29 00:00:00.0,,,,,,,,,,,,,,,,,,,,,,,
448531202303756,20231229,진주시 금산면 용아리 595,[개] 믹스견,417000,개,000114,믹스견,갈색+흰색+검정색,2022(년생),10.3(Kg),경남-진주-2023-00672,20231229,20240108,http://openapi.animal.go.kr/openapi/service/rest/fileDownloadSrvc/files/shelter/2023/11/202312291812687.jpg,,,종료(자연사),M,N,순함 사람좋아함,348531201000001,진주시동물보호센터,055-749-6134,"경상남도 진주시 집현면 신당길207번길 22 (집현면, 지역농업개발시설) ",농업기술센터소장,경상남도 진주시,2024-01-14 00:00:00.0,폐사,,,,,,,,,,,,,,,,,,,,,,
448531202303755,20231229,진주시 호탄동 939-1,[기타축종] 토끼,429900,기타,000117,기타축종,검정색+흰색,2022(년생),1.2(Kg),경남-진주-2023-00671,20231229,20240108,http://openapi.animal.go.kr/openapi/service/rest/fileDownloadSrvc/files/shelter/2023/11/202312291812246.jpg,,,종료(자연사),F,U,순함,348531201000001,진주시동물보호센터,055-749-6134,"경상남도 진주시 집현면 신당길207번길 22 (집현면, 지역농업개발시설) ",농업기술센터소장,경상남도 진주시,2024-01-01 00:00:00.0,폐사,,,,,,,,,,,,,,,,,,,,,,
447521202300652,20231229,초전면 용대로 148,[개] 엄마는 노리치테리어,417000,개,000115,기타,흰색 검은색,2024(60일미만)(년생),1(Kg),경북-성주-2023-00404,20231229,20240105,http://openapi.animal.go.kr/openapi/service/rest/fileDownloadSrvc/files/shelter/2023/11/202401011701862.jpg,,,종료(입양),F,N,어미젖을먹고있어 건강함,347521201900002,성주군동물보호센터,010-2949-6699,경상북도 성주군 선남면 선노로 522 (선남면) ,박명석,경상북도 성주군,2024-10-04 00:00:00.0,,,,,,,,,,,,,,,,,,,,,,,
447521202300651,20231229,초전면 용대로 148,[개] 엄마는 노리치테리어,417000,개,000115,기타,흰색 검은색,2024(60일미만)(년생),1(Kg),경북-성주-2023-00403,20231229,20240105,http://openapi.animal.go.kr/openapi/service/rest/fileDownloadSrvc/files/shelter/2023/11/202312291012764.jpg,,,종료(입양),F,N,어미젖을먹고있어 건강함,347521201900002,성주군동물보호센터,010-2949-6699,경상북도 성주군 선남면 선노로 522 (선남면) ,박명석,경상북도 성주군,2024-10-04 00:00:00.0,,,,,,,,,,,,,,,,,,,,,,,
447521202300650,20231229,초전면 용대로 148,[개] 믹스견,417000,개,000114,믹스견,흰색 검은색,2023(60일미만)(년생),1(Kg),경북-성주-2023-00402,20231229,20240105,http://openapi.animal.go.kr/openapi/service/rest/fileDownloadSrvc/files/shelter/2023/11/202312291012334.jpg,,,종료(입양),F,N,어미젖을먹고있어 건강함,347521201900002,성주군동물보호센터,010-2949-6699,경상북도 성주군 선남면 선노로 522 (선남면) ,박명석,경상북도 성주군,2024-01-17 00:00:00.0,,,,,,,,,,,,,,,,,,,,,,,
447521202300649,20231229,초전면 용대로 148,[개] 믹스견,417000,개,000114,믹스견,흰색 검은색,2024(60일미만)(년생),1(Kg),경북-성주-2023-00401,20231229,20240105,http://openapi.animal.go.kr/openapi/service/rest/fileDownloadSrvc/files/shelter/2023/11/202401131501350.png,,,종료(입양),M,N,어미젖을먹고있어 건강함,347521201900002,성주군동물보호센터,010-2949-6699,경상북도 성주군 선남면 선노로 522 (선남면) ,박명석,경상북도 성주군,2024-01-17 00:00:00.0,,,,,,,,,,,,,,,,,,,,,,,
447521202300648,20231229,초전면 용대로 148,[개] 믹스견,417000,개,000114,믹스견,흰색 검은색,2024(60일미만)(년생),1(Kg),경북-성주-2023-00400,20231229,20240105,http://openapi.animal.go.kr/openapi/service/rest/fileDownloadSrvc/files/shelter/2023/11/202401131501833.jpg,,,종료(입양),F,N,어미젖을먹고있어 건강함,347521201900002,성주군동물보호센터,010-2949-6699,경상북도 성주군 선남면 선노로 522 (선남면) ,박명석,경상북도 성주군,2024-01-17 00:00:00.0,,,,,,,,,,,,,,,,,,,,,,,
447521202300647,20231229,초전면 용대로 148,[개] 믹스견,417000,개,000114,믹스견,흰색 검은색,2024(60일미만)(년생),1(Kg),경북-성주-2023-00399,20231229,20240105,http://openapi.animal.go.kr/openapi/service/rest/fileDownloadSrvc/files/shelter/2023/11/202401072001147.jpg,http://openapi.animal.go.kr/openapi/service/rest/fileDownloadSrvc/files/shelter/2023/11/202401072001406.jpg,,종료(입양),M,N,어미젖을먹고있어 건강함,347521201900002,성주군동물보호센터,010-2949-6699,경상북도 성주군 선남면 선노로 522 (선남면) ,박명석,경상북도 성주군,2024-01-10 00:00:00.0,,,,,,,,,,,,,,,,,,,,,,,
447521202300646,20231229,초전면 용대로 148,[개] 믹스견,417000,개,000114,믹스견,흰색 검은색,2023(60일미만)(년생),1(Kg),경북-성주-2023-00398,20231229,20240105,http://openapi.animal.go.kr/openapi/service/rest/fileDownloadSrvc/files/shelter/2023/11/202312291012176.jpg,,,종료(입양),F,N,어미젖을먹고있어 건강함,347521201900002,성주군동물보호센터,010-2949-6699,경상북도 성주군 선남면 선노로 522 (선남면) ,박명석,경상북도 성주군,2024-12-17 20:54:08.0,,,,,,,,,,,,,,,,,,,,,,,
447521202300645,20231229,초전면 용대로 148,[개] 믹스견,417000,개,000114,믹스견,기타(흰색),2024(60일미만)(년생),1(Kg),경북-성주-2023-00397,20231229,20240105,http://openapi.animal.go.kr/openapi/service/rest/fileDownloadSrvc/files/shelter/2023/11/202312291012468.jpg,,,종료(입양),F,N,어미젖을먹고있어 건강함,347521201900002,성주군동물보호센터,010-2949-6699,경상북도 성주군 선남면 선노로 522 (선남면) ,박명석,경상북도 성주군,2024-12-17 20:51:33.0,,,,,,,,,,,,,,,,,,,,,,,
447521202300644,20231229,초전면 용대로 148,[개] 믹스견,417000,개,000114,믹스견,흰색 검은색,2023(60일미만)(년생),1(Kg),경북-성주-2023-00396,20231229,20240105,http://openapi.animal.go.kr/openapi/service/rest/fileDownloadSrvc/files/shelter/2023/11/202312291012642.jpg,,,종료(입양),F,N,어미젖을먹고있어 건강함,347521201900002,성주군동물보호센터,010-2949-6699,경상북도 성주군 선남면 선노로 522 (선남면) ,박명석,경상북도 성주군,2024-01-08 00:00:00.0,,,,,,,,,,,,,,,,,,,,,,,
447521202300643,20231229,성주군 성주읍 예산리 이웃과하나 급식소앞,[고양이] 먼치킨,422400,고양이,000175,먼치킨,회색이 섞인 검정색,2022(년생),2(Kg),경북-성주-2023-00395,20231229,20240105,http://openapi.animal.go.kr/openapi/service/rest/fileDownloadSrvc/files/shelter/2023/11/202312291012423.jpg,,,종료(입양),M,N,개냥이 이불을 좋아함,347521201900002,성주군동물보호센터,010-2949-6699,경상북도 성주군 선남면 선노로 522 (선남면) ,박명석,경상북도 성주군,2024-01-07 00:00:00.0,,,,,,,,,,,,,,,,,,,,,,,
447521202300642,20231229,성주군 용암면 마월1리 마을회관인근,[개] 노리치 테리어,417000,개,000083,노리치 테리어,노랑에 흰색,2023(년생),4(Kg),경북-성주-2023-00394,20231229,20240105,http://openapi.animal.go.kr/openapi/service/rest/fileDownloadSrvc/files/shelter/2023/11/202312291012918.jpg,,,종료(입양),F,Y,배변완벽히 가리고 성격이 너무좋음 애교작렬변 산책훈련완료,347521201900002,성주군동물보호센터,010-2949-6699,경상북도 성주군 선남면 선노로 522 (선남면) ,박명석,경상북도 성주군,2024-01-08 00:00:00.0,,,,,,,,,,,,,,,,,,,,,,,
447516202300357,20231229,경북 청송군 현서면 샘내길 24-3,[개] 믹스견,417000,개,000114,믹스견,검정,2021(년생),7(Kg),경북-청송-2023-00226,20231229,20240108,http://openapi.animal.go.kr/openapi/service/rest/fileDownloadSrvc/files/shelter/2023/11/202312291512905.jpg,,,종료(안락사),F,N,사람을 경계하고 피함.,347516202000001,점곡동물보호센터,054-870-6281,경상북도 청송군 현동면 청송로 3128-141  ,청송군수,경상북도 청송군,2024-02-20 00:00:00.0,,,,,,,,,,,,,,,,,,,,,,,
447516202300356,20231229,경북 청송군 현서면 청송로 977,[개] 믹스견,417000,개,000114,믹스견,검정,2023(년생),6(Kg),경북-청송-2023-00225,20231229,20240108,http://openapi.animal.go.kr/openapi/service/rest/fileDownloadSrvc/files/shelter/2023/11/202312291512824.jpg,,,종료(안락사),F,N,"파란색 목줄착용, 순하고 겁이 많음.",347516202000001,점곡동물보호센터,054-870-6281,경상북도 청송군 현동면 청송로 3128-141  ,청송군수,경상북도 청송군,2024-01-16 00:00:00.0,,,,,,,,,,,,,,,,,,,,,,,
447506202300435,20231229,벽소로1612,[개] 골든 리트리버,417000,개,000054,골든 리트리버,갈색,2019(년생),25(Kg),경북-김천-2023-00435,20231229,20240108,http://openapi.animal.go.kr/openapi/service/rest/fileDownloadSrvc/files/shelter/2023/11/202312291812867.jpg,,,종료(반환),F,N,"온순하고 친화적임온,기본훈련",347506201300001,김천시 동물보호센터,010-3477-7771,경상북도 김천시 구성면 남김천대로 3296-22  하강리 44(김천시 유기동물보호센터),김천시농업기술센터,경상북도 김천시,2024-01-04 00:00:00.0,,,,,,,,,,,,,,,,,,,,,,,
447505202301670,20231229,양정로 191번길 3,[개] 믹스견,417000,개,000114,믹스견,검정,2018(년생),7(Kg),경북-경주-2023-01289,20231229,20240108,http://openapi.animal.go.kr/openapi/service/rest/fileDownloadSrvc/files/shelter/2023/11/202312291512582.jpg,,,종료(반환),M,N,주인에게 반환 예정,347505201700001,경주동물사랑보호센터,010-8889-2883,경상북도 경주시 천북면 천북로 8-4  경주시 동물사랑보호센터,경주시장,경상북도 경주시,2023-12-29 00:00:00.0,,,,,,,,,,,,,,,,,,,,,,,
447502202302267,20231229,경상북도 포항시 북구 송라면 동해대로 5792-97,[개] 믹스견,417000,개,000114,믹스견,아이보리,2023(년생),5(Kg),경북-포항-2023-01239,20231229,20240108,http://openapi.animal.go.kr/openapi/service/rest/fileDownloadSrvc/files/shelter/2023/11/202312291412729.jpg,,,종료(안락사),M,N,"5개월추정,차 타고 온다고 침을 쫌 흘리지만...목욕하면 쫌 귀여울지도? 중대형견 예상",347502201600001,(사)영일동물플러스,054-262-8295,경상북도 포항시 북구 흥해읍 덕장길 224 (흥해읍) ,김태연,경상북도 포항시,2024-01-13 00:00:00.0,"식욕절폐, 기력없음, 설사, 구토",,,,,,,,,,,,,,,,,,,,,,
446501202300343,20231229,비금면,[개] 믹스견,417000,개,000114,믹스견,흰색,2018(년생),17.0(Kg),전남-신안-2023-00259,20231229,20240108,http://openapi.animal.go.kr/openapi/service/rest/fileDownloadSrvc/files/shelter/2023/11/202312291912749.jpg,,,종료(반환),M,N,"온순, 마을을 배회하는 유기견",346501201700001,신안군유기동물보호소,010-9678-9966,전라남도 무안군 삼향읍 석매길 36  ,김성진,전라남도 신안군,2024-02-19 00:00:00.0,,,,,,,,,,,,,,,,,,,,,,,
446496202300741,20231229,함평읍 월봉길 63-3,[개] 믹스견,417000,개,000114,믹스견,노란색,2022(년생),4.00(Kg),전남-함평-2023-00522,20231229,20240112,http://openapi.animal.go.kr/openapi/service/rest/fileDownloadSrvc/files/shelter/2023/11/202312291212894.jpg,http://openapi.animal.go.kr/openapi/service/rest/fileDownloadSrvc/files/shelter/2023/11/202312291212291.jpg,http://openapi.animal.go.kr/openapi/service/rest/fileDownloadSrvc/files/shelter/2023/11/202312291212576.jpg,종료(안락사),F,U,"경계심, 치료요함",346496201800001,학교임시동물보호센터,010-5649-3435,전라남도 함평군 학교면 송산길 84 (학교면) 월산리 806-1 ,문경만,전라남도 함평군,2024-07-24 00:00:00.0,동물보호센터 운영지침 제20조제2항제5호,,,,,,,,,,,,,,,,,,,,,,
446496202300740,20231229,월야면  계림리 568,[개] 믹스견,417000,개,000114,믹스견,흰색,2023(60일미만)(년생),1.50(Kg),전남-함평-2023-00521,20231229,20240112,http://openapi.animal.go.kr/openapi/service/rest/fileDownloadSrvc/files/shelter/2023/11/202312291212397.jpg,http://openapi.animal.go.kr/openapi/service/rest/fileDownloadSrvc/files/shelter/2023/11/202312291212528.jpg,http://openapi.animal.go.kr/openapi/service/rest/fileDownloadSrvc/files/shelter/2023/11/202312291212590.jpg,종료(자연사),M,U,순함,346496201800001,학교임시동물보호센터,010-5649-3435,전라남도 함평군 학교면 송산길 84 (학교면) 월산리 806-1 ,문경만,전라남도 함평군,2024-01-10 00:00:00.0,,,,,,,,,,,,,,,,,,,,,,,
446496202300739,20231229,월야면  계림리 568,[개] 믹스견,417000,개,000114,믹스견,흰색,2023(년생),1.50(Kg),전남-함평-2023-00520,20231229,20240112,http://openapi.animal.go.kr/openapi/service/rest/fileDownloadSrvc/files/shelter/2023/11/202312291112690[1].jpg,http://openapi.animal.go.kr/openapi/service/rest/fileDownloadSrvc/files/shelter/2023/11/202312291112769.jpg,http://openapi.animal.go.kr/openapi/service/rest/fileDownloadSrvc/files/shelter/2023/11/202312291112159.jpg,종료(자연사),M,U,순함,346496201800001,학교임시동물보호센터,010-5649-3435,전라남도 함평군 학교면 송산길 84 (학교면) 월산리 806-1 ,문경만,전라남도 함평군,2024-01-03 00:00:00.0,,,,,,,,,,,,,,,,,,,,,,,
446496202300738,20231229,월야면  계림리 568,[개] 믹스견,417000,개,000114,믹스견,흰색,2023(60일미만)(년생),1.50(Kg),전남-함평-2023-00519,20231229,20240112,http://openapi.animal.go.kr/openapi/service/rest/fileDownloadSrvc/files/shelter/2023/11/202312291112176.jpg,http://openapi.animal.go.kr/openapi/service/rest/fileDownloadSrvc/files/shelter/2023/11/202312291112240.jpg,http://openapi.animal.go.kr/openapi/service/rest/fileDownloadSrvc/files/shelter/2023/11/202312291112290.jpg,종료(자연사),M,U,순함,346496201800001,학교임시동물보호센터,010-5649-3435,전라남도 함평군 학교면 송산길 84 (학교면) 월산리 806-1 ,문경만,전라남도 함평군,2024-01-10 00:00:00.0,입양 갔으나 병원치료 도중 사망하여 동물등록 미정인 상태로 사망,,,,,,,,,,,,,,,,,,,,,,
446496202300737,20231229,월야면  계림리 568,[개] 믹스견,417000,개,000114,믹스견,흰색,2021(년생),4.00(Kg),전남-함평-2023-00518,20231229,20240112,http://openapi.animal.go.kr/openapi/service/rest/fileDownloadSrvc/files/shelter/2023/11/202312291112283.jpg,http://openapi.animal.go.kr/openapi/service/rest/fileDownloadSrvc/files/shelter/2023/11/202312291112337.jpg,http://openapi.animal.go.kr/openapi/service/rest/fileDownloadSrvc/files/shelter/2023/11/202312291112381.jpg,종료(기증),F,U,순함,346496201800001,학교임시동물보호센터,010-5649-3435,전라남도 함평군 학교면 송산길 84 (학교면) 월산리 806-1 ,문경만,전라남도 함평군,2024-01-19 00:00:00.0,,,,,,,,,,,,,,,,,,,,,,,
446495202300395,20231229,해제면 참새골길 30,[개] 믹스견,417000,개,000114,믹스견,연갈,2022(년생),5(Kg),전남-무안-2023-00336,20231229,20240118,http://openapi.animal.go.kr/openapi/service/rest/fileDownloadSrvc/files/shelter/2023/11/202312291712608.jpg,,,종료(입양),M,U,"매우순하며 활발함, 털뭉치, 파란목줄착용",346495202100001,무안군유기동물보호소,061-450-4059,전라남도 무안군 무안읍 면주길 99  ,무안군 축산과,전라남도 무안군,2024-02-20 00:00:00.0,,,,,,,,,,,,,,,,,,,,,,,
446495202300394,20231229,삼향읍 지산리 895,[개] 믹스견,417000,개,000114,믹스견,흰검,2021(년생),6(Kg),전남-무안-2023-00335,20231229,20240118,http://openapi.animal.go.kr/openapi/service/rest/fileDownloadSrvc/files/shelter/2023/11/202312290812711.jpg,http://openapi.animal.go.kr/openapi/service/rest/fileDownloadSrvc/files/shelter/2024/02/202403050903468.jpg,,종료(자연사),M,U,매우순하며 활발함,346495202100001,무안군유기동물보호소,061-450-4059,전라남도 무안군 무안읍 면주길 99  ,무안군 축산과,전라남도 무안군,2024-03-05 00:00:00.0,,,,,,,,,,,,,,,,,,,,,,,
446482202301299,20231229,순천북부교회 앞,[개] 믹스견,417000,개,000114,믹스견,흰색,2020(년생),10.05(Kg),전남-순천-2023-00803,20231229,20240108,http://openapi.animal.go.kr/openapi/service/rest/fileDownloadSrvc/files/shelter/2023/11/202312291712612.jpg,,,종료(자연사),F,N,"심장사상충-음성,종합백신접종,코로나접종,광견병접종,데피니트,스팟라인(산모견 입양불가)",346482201600003,순천시유기동물보호소,061-749-8793,"전라남도 순천시 승주읍 승주로 628 (승주읍, 농업기술센터) 순천시유기동물보호소",순천시 동물자원과,전라남도 순천시,2024-08-17 00:00:00.0,,410160012600890,,,,,,,,,,,,,,,,,,,,,
445479202301120,20231229,계화면 서돈안길 27,[개] 믹스견,417000,개,000114,믹스견,흰색,2018(년생),6(Kg),전북-부안-2023-00909,20231229,20240115,http://openapi.animal.go.kr/openapi/service/rest/fileDownloadSrvc/files/shelter/2023/11/202312291612875.jpg,,,종료(입양),F,N,흰색의 덩치가 큰편이나  순둥 순해보임. ,345479202100001,부안군 동물보호센터,063-580-4499,전북특별자치도 부안군 주산면 주산로 369  부안군 동물보호센터,김동환,전북특별자치도 부안군,2024-05-23 00:00:00.0,,,,,,,,,,,,,,,,,,,,,,,
445471202300699,20231229,축산과,[개] 비글,417000,개,000013,비글,검은색및갈색,2018(년생),13(Kg),전북-김제-2023-00476,20231229,20240115,http://openapi.animal.go.kr/openapi/service/rest/fileDownloadSrvc/files/shelter/2023/11/202312291512785[1].jpg,,,종료(반환),F,N,땡글땡글함,345471201800002,전북말산업복합센터,063-547-3549,전라북도 김제시 용지면 금백로 571-39 (용지면) 전북말산업복합센터,조희천,전북특별자치도 김제시,2024-01-02 00:00:00.0,,,,,,,,,,,,,,,,,,,,,,,
445471202300698,20231229,축산과,[개] 믹스견,417000,개,000114,믹스견,갈색,2022(년생),7(Kg),전북-김제-2023-00475,20231229,20240115,http://openapi.animal.go.kr/openapi/service/rest/fileDownloadSrvc/files/shelter/2023/11/202312291412716.jpg,,,종료(입양),F,Y,겁이 많음,345471201800002,전북말산업복합센터,063-547-3549,전라북도 김제시 용지면 금백로 571-39 (용지면) 전북말산업복합센터,조희천,전북특별자치도 김제시,2024-06-26 00:00:00.0,,,,,,,,,,,,,,,,,,,,,,,
445471202300697,20231229,축산과,[개] 믹스견,417000,개,000114,믹스견,하얀색,2022(년생),12(Kg),전북-김제-2023-00474,20231229,20240115,http://openapi.animal.go.kr/openapi/service/rest/fileDownloadSrvc/files/shelter/2023/11/202312291412213.jpg,,,종료(입양),F,Y,귀가 뾰족함,345471201800002,전북말산업복합센터,063-547-3549,전라북도 김제시 용지면 금백로 571-39 (용지면) 전북말산업복합센터,조희천,전북특별자치도 김제시,2024-06-26 00:00:00.0,,,,,,,,,,,,,,,,,,,,,,,
445471202300696,20231229,축산과,[개] 믹스견,417000,개,000114,믹스견,하얀색,2023(년생),8(Kg),전북-김제-2023-00473,20231229,20240115,http://openapi.animal.go.kr/openapi/service/rest/fileDownloadSrvc/files/shelter/2023/11/202312291412198.jpg,,,종료(자연사),M,N,겁이 많음,345471201800002,전북말산업복합센터,063-547-3549,전라북도 김제시 용지면 금백로 571-39 (용지면) 전북말산업복합센터,조희천,전북특별자치도 김제시,2024-01-08 00:00:00.0,,,,,,,,,,,,,,,,,,,,,,,
445471202300695,20231229,축산과,[개] 믹스견,417000,개,000114,믹스견,갈색,2023(년생),4(Kg),전북-김제-2023-00472,20231229,20240115,http://openapi.animal.go.kr/openapi/service/rest/fileDownloadSrvc/files/shelter/2023/11/202312291412980.jpg,,,종료(입양),F,Y,순하다,345471201800002,전북말산업복합센터,063-547-3549,전라북도 김제시 용지면 금백로 571-39 (용지면) 전북말산업복합센터,조희천,전북특별자치도 김제시,2024-06-26 00:00:00.0,,,,,,,,,,,,,,,,,,,,,,,
445471202300694,20231229,축산과,[개] 믹스견,417000,개,000114,믹스견,하얀색,2023(년생),4(Kg),전북-김제-2023-00471,20231229,20240115,http://openapi.animal.go.kr/openapi/service/rest/fileDownloadSrvc/files/shelter/2023/11/202312291412835.jpg,,,종료(입양),M,Y,순하다,345471201800002,전북말산업복합센터,063-547-3549,전라북도 김제시 용지면 금백로 571-39 (용지면) 전북말산업복합센터,조희천,전북특별자치도 김제시,2024-06-26 00:00:00.0,,,,,,,,,,,,,,,,,,,,,,,
445471202300693,20231229,축산과,[개] 믹스견,417000,개,000114,믹스견,베이지색,2020(년생),18(Kg),전북-김제-2023-00470,20231229,20240115,http://openapi.animal.go.kr/openapi/service/rest/fileDownloadSrvc/files/shelter/2023/11/202312291412812.jpg,,,종료(입양),F,N,억울하게 생김,345471201800002,전북말산업복합센터,063-547-3549,전라북도 김제시 용지면 금백로 571-39 (용지면) 전북말산업복합센터,조희천,전북특별자치도 김제시,2024-01-25 00:00:00.0,,,,,,,,,,,,,,,,,,,,,,,
445471202300692,20231229,축산과,[개] 믹스견,417000,개,000114,믹스견,하얀색,2021(년생),15(Kg),전북-김제-2023-00469,20231229,20240115,http://openapi.animal.go.kr/openapi/service/rest/fileDownloadSrvc/files/shelter/2023/11/202312291412846[1].jpg,,,종료(자연사),M,N,양쪽귀만 갈색임,345471201800002,전북말산업복합센터,063-547-3549,전라북도 김제시 용지면 금백로 571-39 (용지면) 전북말산업복합센터,조희천,전북특별자치도 김제시,2024-01-15 00:00:00.0,,,,,,,,,,,,,,,,,,,,,,,
445471202300691,20231229,축산과,[개] 믹스견,417000,개,000114,믹스견,베이지색,2023(년생),7(Kg),전북-김제-2023-00468,20231229,20240115,http://openapi.animal.go.kr/openapi/service/rest/fileDownloadSrvc/files/shelter/2023/11/202312291412798.jpg,,,종료(입양),M,Y,코부분이 까맣다,345471201800002,전북말산업복합센터,063-547-3549,전라북도 김제시 용지면 금백로 571-39 (용지면) 전북말산업복합센터,조희천,전북특별자치도 김제시,2024-06-26 00:00:00.0,,,,,,,,,,,,,,,,,,,,,,,
445471202300690,20231229,축산과,[개] 믹스견,417000,개,000114,믹스견,하얀색,2023(년생),7(Kg),전북-김제-2023-00467,20231229,20240115,http://openapi.animal.go.kr/openapi/service/rest/fileDownloadSrvc/files/shelter/2023/11/202312291412425.jpg,,,종료(입양),M,Y,코부분이 조금 까맣다,345471201800002,전북말산업복합센터,063-547-3549,전라북도 김제시 용지면 금백로 571-39 (용지면) 전북말산업복합센터,조희천,전북특별자치도 김제시,2024-06-26 00:00:00.0,,,,,,,,,,,,,,,,,,,,,,,
445471202300689,20231229,축산과,[개] 믹스견,417000,개,000114,믹스견,갈색,2023(년생),7(Kg),전북-김제-2023-00466,20231229,20240115,http://openapi.animal.go.kr/openapi/service/rest/fileDownloadSrvc/files/shelter/2023/11/202312291412352.jpg,,,종료(입양),M,Y,발만 하얀색임,345471201800002,전북말산업복합센터,063-547-3549,전라북도 김제시 용지면 금백로 571-39 (용지면) 전북말산업복합센터,조희천,전북특별자치도 김제시,2024-06-26 00:00:00.0,,,,,,,,,,,,,,,,,,,,,,,
445471202300688,20231229,축산과,[개] 믹스견,417000,개,000114,믹스견,하얀색,2023(년생),6(Kg),전북-김제-2023-00465,20231229,20240115,http://openapi.animal.go.kr/openapi/service/rest/fileDownloadSrvc/files/shelter/2023/11/202312291412901.jpg,,,종료(입양),M,Y,겁이 많음,345471201800002,전북말산업복합센터,063-547-3549,전라북도 김제시 용지면 금백로 571-39 (용지면) 전북말산업복합센터,조희천,전북특별자치도 김제시,2024-06-26 00:00:00.0,,,,,,,,,,,,,,,,,,,,,,,
445471202300687,20231229,축산과,[개] 믹스견,417000,개,000114,믹스견,흰색,2021(년생),21(Kg),전북-김제-2023-00464,20231229,20240115,http://openapi.animal.go.kr/openapi/service/rest/fileDownloadSrvc/files/shelter/2023/11/202312291412394.jpg,,,종료(안락사),M,Y,순하다,345471201800002,전북말산업복합센터,063-547-3549,전라북도 김제시 용지면 금백로 571-39 (용지면) 전북말산업복합센터,조희천,전북특별자치도 김제시,2024-11-25 15:58:50.0,장기보호로 인한 관리상 문제,,,,,,,,,,,,,,,,,,,,,,
445470202301008,20231229,운봉읍 행정리 ,[개] 믹스견,417000,개,000114,믹스견,"흰색, 갈색 믹스",2024(60일미만)(년생),2(Kg),전북-남원-2023-00660,20231229,20240108,http://openapi.animal.go.kr/openapi/service/rest/fileDownloadSrvc/files/shelter/2023/11/202312291712150.jpg,,,종료(안락사),F,N,내외부 기생충 질환,345470202100001,인월동물병원,063-636-2873,전북특별자치도 남원시 인월면 인월로 64  ,김세전,전북특별자치도 남원시,2024-01-29 00:00:00.0,,,,,,,,,,,,,,,,,,,,,,,
445470202301007,20231229,산내면사무소 근처,[개] 믹스견,417000,개,000114,믹스견,흰색,2021(년생),15(Kg),전북-남원-2023-00659,20231229,20240108,http://openapi.animal.go.kr/openapi/service/rest/fileDownloadSrvc/files/shelter/2023/11/202312291712321.jpg,,,종료(안락사),M,N,"내외부 기생충 질환, 목줄 있음",345470202100001,인월동물병원,063-636-2873,전북특별자치도 남원시 인월면 인월로 64  ,김세전,전북특별자치도 남원시,2024-01-15 00:00:00.0,,,,,,,,,,,,,,,,,,,,,,,
445464202304001,20231229,삼천동 손수반찬 앞 길가,[고양이] 한국 고양이,422400,고양이,000200,한국 고양이,노랑 흰색,2019(년생),4(Kg),전북-전주-2023-01862,20231229,20240108,http://openapi.animal.go.kr/openapi/service/rest/fileDownloadSrvc/files/shelter/2023/11/202312291812562.jpg,http://openapi.animal.go.kr/openapi/service/rest/fileDownloadSrvc/files/shelter/2023/11/202312291812620.jpg,http://openapi.animal.go.kr/openapi/service/rest/fileDownloadSrvc/files/shelter/2023/11/202312291812665.jpg,종료(자연사),F,N,기립불능,345464201700001,링크늘푸른동물병원,063-281-0075,전라북도 전주시 완산구 서원로 225 (중화산동2가) ,이상훈,전북특별자치도 전주시,2024-01-03 00:00:00.0,기력저하 기립불능,,,,,,,,,,,,,,,,,,,,,,
445464202304000,20231229,송천동 짜임아파트 옆 큰길가,[고양이] 한국 고양이,422400,고양이,000200,한국 고양이,삼색,2022(년생),1.9(Kg),전북-전주-2023-01861,20231229,20240108,http://openapi.animal.go.kr/openapi/service/rest/fileDownloadSrvc/files/shelter/2023/11/202312291812848.jpg,http://openapi.animal.go.kr/openapi/service/rest/fileDownloadSrvc/files/shelter/2023/11/202312291812868.jpg,http://openapi.animal.go.kr/openapi/service/rest/fileDownloadSrvc/files/shelter/2023/11/202312291812886.jpg,종료(안락사),F,N,후지마비,345464201100001,박영재동물병원,063-284-7774,전라북도 전주시 완산구 전주천서로 111 (서서학동) ,박영재,전북특별자치도 전주시,2024-01-25 00:00:00.0,"후지마비, 입양자 없음",,,,,,,,,,,,,,,,,,,,,,
445464202303999,20231229,호성동 전주병원앞,[고양이] 한국 고양이,422400,고양이,000200,한국 고양이,검갈색,2023(년생),1.6(Kg),전북-전주-2023-01860,20231229,20240108,http://openapi.animal.go.kr/openapi/service/rest/fileDownloadSrvc/files/shelter/2023/11/202312291512184.jpg,,,종료(안락사),F,N,"전지운동불능, 좌측후지골절",345464201100003,서신동물병원,063-253-2747,전라북도 전주시 완산구 서신동 831-4,이승옥,전북특별자치도 전주시,2024-01-05 00:00:00.0,치료불가,,,,,,,,,,,,,,,,,,,,,,
445464202303998,20231229,교육대학교정문,[개] 페키니즈,417000,개,000087,페키니즈,흰색,2020(년생),4.3(Kg),전북-전주-2023-01859,20231229,20240108,http://openapi.animal.go.kr/openapi/service/rest/fileDownloadSrvc/files/shelter/2023/11/202312291312489.jpg,http://openapi.animal.go.kr/openapi/service/rest/fileDownloadSrvc/files/shelter/2023/11/202312291312556.jpg,http://openapi.animal.go.kr/openapi/service/rest/fileDownloadSrvc/files/shelter/2023/11/202312291312627[1].jpg,종료(입양),M,N,온순함 / 잠복고환의심,345464201100001,박영재동물병원,063-284-7774,전라북도 전주시 완산구 전주천서로 111 (서서학동) ,박영재,전북특별자치도 전주시,2024-01-09 00:00:00.0,,,,,,,,,,,,,,,,,,,,,,,
445464202303997,20231229,낙원 식자재마트,[고양이] 한국 고양이,422400,고양이,000200,한국 고양이,삼색+고등어,2022(년생),3(Kg),전북-전주-2023-01858,20231229,20240108,http://openapi.animal.go.kr/openapi/service/rest/fileDownloadSrvc/files/shelter/2023/11/202312291112128.jpg,http://openapi.animal.go.kr/openapi/service/rest/fileDownloadSrvc/files/shelter/2023/11/202312291112150.jpg,http://openapi.animal.go.kr/openapi/service/rest/fileDownloadSrvc/files/shelter/2023/11/202312291112167.jpg,종료(방사),F,N,조금 예민함,345464201100001,박영재동물병원,063-284-7774,전라북도 전주시 완산구 전주천서로 111 (서서학동) ,박영재,전북특별자치도 전주시,2024-01-09 00:00:00.0,,,,,,,,,,,,,,,,,,,,,,,
444462202300931,20231229,태안초등학교 근처,[개] 푸들,417000,개,000128,푸들,백색,2020(년생),5(Kg),충남-태안-2023-00678,20231229,20240108,http://openapi.animal.go.kr/openapi/service/rest/fileDownloadSrvc/files/shelter/2023/11/20231229151235.jpg,,,종료(입양),M,U,순하고 잘따름,344462200900001,최동물병원,041-672-0346,충청남도 태안군 태안읍 남문리 504-6,최기중,충청남도 태안군,2024-01-10 00:00:00.0,,,,,,,,,,,,,,,,,,,,,,,
444457202300649,20231229,부여읍 동문로 150,[개] 믹스견,417000,개,000114,믹스견,흰색,2023(60일미만)(년생),1.51(Kg),충남-부여-2023-00454,20231229,20240108,http://openapi.animal.go.kr/openapi/service/rest/fileDownloadSrvc/files/shelter/2023/11/202312291612195.jpg,http://openapi.animal.go.kr/openapi/service/rest/fileDownloadSrvc/files/shelter/2023/11/202312291612205.jpg,http://openapi.animal.go.kr/openapi/service/rest/fileDownloadSrvc/files/shelter/2023/11/202312291612213.jpg,종료(자연사),F,N,1개월 추정,344457202000001,남부여동물보호소,041-837-8277,충청남도 부여군 임천면 위덕로47번길 36-12  (점리),이인백,충청남도 부여군,2024-02-01 00:00:00.0,자연사,,,,,,,,,,,,,,,,,,,,,,
444457202300648,20231229,부여읍 동문로 150,[개] 믹스견,417000,개,000114,믹스견,흰색,2023(60일미만)(년생),1.48(Kg),충남-부여-2023-00453,20231229,20240108,http://openapi.animal.go.kr/openapi/service/rest/fileDownloadSrvc/files/shelter/2023/11/20231229161251.jpg,http://openapi.animal.go.kr/openapi/service/rest/fileDownloadSrvc/files/shelter/2023/11/202312291612664.jpg,http://openapi.animal.go.kr/openapi/service/rest/fileDownloadSrvc/files/shelter/2023/11/20231229161202.jpg,종료(자연사),M,N,1개월 추정,344457202000001,남부여동물보호소,041-837-8277,충청남도 부여군 임천면 위덕로47번길 36-12  (점리),이인백,충청남도 부여군,2024-01-12 00:00:00.0,자연사,,,,,,,,,,,,,,,,,,,,,,
444457202300647,20231229,부여읍 동문로 150,[개] 믹스견,417000,개,000114,믹스견,흰색,2023(60일미만)(년생),1.54(Kg),충남-부여-2023-00452,20231229,20240108,http://openapi.animal.go.kr/openapi/service/rest/fileDownloadSrvc/files/shelter/2023/11/202312291612864.jpg,http://openapi.animal.go.kr/openapi/service/rest/fileDownloadSrvc/files/shelter/2023/11/202312291612872.jpg,http://openapi.animal.go.kr/openapi/service/rest/fileDownloadSrvc/files/shelter/2023/11/202312291612878.jpg,종료(안락사),M,N,1개월 추정,344457202000001,남부여동물보호소,041-837-8277,충청남도 부여군 임천면 위덕로47번길 36-12  (점리),이인백,충청남도 부여군,2024-02-18 00:00:00.0,안락사,,,,,,,,,,,,,,,,,,,,,,
444457202300646,20231229,부여읍 동문로 150,[개] 믹스견,417000,개,000114,믹스견,흰색,2023(60일미만)(년생),1.52(Kg),충남-부여-2023-00451,20231229,20240108,http://openapi.animal.go.kr/openapi/service/rest/fileDownloadSrvc/files/shelter/2023/11/202312291612396.jpg,http://openapi.animal.go.kr/openapi/service/rest/fileDownloadSrvc/files/shelter/2023/11/202312291612407.jpg,http://openapi.animal.go.kr/openapi/service/rest/fileDownloadSrvc/files/shelter/2023/11/202312291612422.jpg,종료(자연사),M,N,1개월 추정,344457202000001,남부여동물보호소,041-837-8277,충청남도 부여군 임천면 위덕로47번길 36-12  (점리),이인백,충청남도 부여군,2024-01-14 00:00:00.0,자연사,,,,,,,,,,,,,,,,,,,,,,
444453202301410,20231229,인지초등학교 근방,[개] 믹스견,417000,개,000114,믹스견,갈색,2020(년생),8.60(Kg),충남-서산-2023-00846,20231229,20240105,http://openapi.animal.go.kr/openapi/service/rest/fileDownloadSrvc/files/shelter/2023/11/202312291412509.jpg,http://openapi.animal.go.kr/openapi/service/rest/fileDownloadSrvc/files/shelter/2023/11/202401161701598.jpg,,종료(안락사),F,U,"경계, 피부 안 좋음",344453202100003,서산시 동물보호센터,041-660-2040,충청남도 서산시 인지면 무학재1길 99  ,서산시농업기술센터,충청남도 서산시,2024-01-16 00:00:00.0,피부질환이 극심해 보호 · 관리가 어려울 것으로 판단,,,,,,,,,,,,,,,,,,,,,,
444449202302489,20231229,서북구 천일고2길 107-9,[개] 라이카,417000,개,000142,라이카,검미색,2020(년생),20(Kg),충남-천안-2023-01635,20231229,20240108,http://openapi.animal.go.kr/openapi/service/rest/fileDownloadSrvc/files/shelter/2023/11/202312291312663.jpg,,,종료(반환),F,U,"노란 목줄 착용한 상태로 구조, 순함",344449202100001,천안시 동물보호센터,010-5913-5119,"충청남도 천안시 동남구 목천읍 충절로 577  문의전화 : 입양(010-5913-5119), 구조(010-4999-6119)",천안시장,충청남도 천안시,2024-01-03 00:00:00.0,,410097800503990,-,,,,,,,,,,,,,,,,,,,,
444449202302488,20231229,서북구 쌍용동 열린치과 인근,[개] 믹스견,417000,개,000114,믹스견,미황색,2019(년생),11(Kg),충남-천안-2023-01634,20231229,20240108,http://openapi.animal.go.kr/openapi/service/rest/fileDownloadSrvc/files/shelter/2023/11/202312291112570.jpg,,,종료(반환),M,Y,칩 등록 되어 있음,344449202100001,천안시 동물보호센터,010-5913-5119,"충청남도 천안시 동남구 목천읍 충절로 577  문의전화 : 입양(010-5913-5119), 구조(010-4999-6119)",천안시장,충청남도 천안시,2023-12-29 00:00:00.0,,410097800329855,-,,,,,,,,,,,,,,,,,,,,
443571202303364,20231229,옥산면 호죽2리 마을회관,[개] 라브라도 리트리버,417000,개,000069,라브라도 리트리버,베이지,2020(년생),40(Kg),충북-청주-2023-01248,20231229,20240108,http://openapi.animal.go.kr/openapi/service/rest/fileDownloadSrvc/files/shelter/2023/11/202312291712944.jpeg,,,종료(기증),M,Y,"통통한 체형, 초크체인 착용, 매우 온순함 활발, 심장사상충 양성",343571201600001,반려동물보호센터,043-201-2298,충청북도 청주시 흥덕구 강내면 서부로 411-23  청주시 반려동물 보호센터,청주시청,충청북도 청주시,2024-09-19 00:00:00.0,,,,,,,,,,,,,,,,,,,,,,,
443571202303363,20231229,복대동 1786,[개] 믹스견,417000,개,000114,믹스견,흰갈,2022(년생),10(Kg),충북-청주-2023-01247,20231229,20240108,http://openapi.animal.go.kr/openapi/service/rest/fileDownloadSrvc/files/shelter/2023/11/202312291412877.jpg,,,종료(반환),M,N,"초록목줄, 초록와이어줄, 노란옷 착용, 순한 아이",343571201600001,반려동물보호센터,043-201-2298,충청북도 청주시 흥덕구 강내면 서부로 411-23  청주시 반려동물 보호센터,청주시청,충청북도 청주시,2023-12-31 00:00:00.0,,,,,,,,,,,,,,,,,,,,,,,
443447202300851,20231229,감곡면 원당리 126 더지코,[개] 믹스견,417000,개,000114,믹스견,흰색,2021(년생),23(Kg),충북-음성-2023-00618,20231229,20240108,http://openapi.animal.go.kr/openapi/service/rest/fileDownloadSrvc/files/shelter/2023/11/202312291712870.jpg,,,종료(안락사),M,N,중대형 믹스견,343447202000001,금왕동물병원,043-877-0763,충청북도 음성군 금왕읍 대금로 1498 (금왕읍) 금왕동물병원,허영재,충청북도 음성군,2024-01-29 00:00:00.0,,,,,,,,,,,,,,,,,,,,,,,
443447202300850,20231229,금왕읍 신평리 62,[개] 믹스견,417000,개,000114,믹스견,흰색,2021(년생),22(Kg),충북-음성-2023-00617,20231229,20240108,http://openapi.animal.go.kr/openapi/service/rest/fileDownloadSrvc/files/shelter/2023/11/202312291712236.jpg,,,종료(안락사),F,N,건강상태 안좋음,343447202000001,금왕동물병원,043-877-0763,충청북도 음성군 금왕읍 대금로 1498 (금왕읍) 금왕동물병원,허영재,충청북도 음성군,2024-01-29 00:00:00.0,,,,,,,,,,,,,,,,,,,,,,,
443442202300213,20231229,충북 보은군 삼승면 우진리 639 행복주택 앞 버스정류장,[개] 믹스견,417000,개,000114,믹스견,흰색,2018(년생),6(Kg),충북-보은-2023-00112,20231229,20240108,http://openapi.animal.go.kr/openapi/service/rest/fileDownloadSrvc/files/shelter/2023/11/202312291512403.jpeg,http://openapi.animal.go.kr/openapi/service/rest/fileDownloadSrvc/files/shelter/2023/11/202312291512637.jpeg,,종료(안락사),F,U,"털이 많은 복슬개, 흰색 바탕에 일부 황색",343442202200001,보은군동물보호센터,043-543-5575,충청북도 보은군 보은읍 뱃들로 47  ,유상조,충청북도 보은군,2024-01-11 00:00:00.0,공고만료에 따른 안락사,,,,,,,,,,,,,,,,,,,,,,
442434202300581,20231229,강원특별자치도 고성군 간성읍 진부령 정상 부근,[개] 말티즈,417000,개,000072,말티즈,흰색,2022(년생),3(Kg),강원-고성-2023-00316,20231229,20240108,http://openapi.animal.go.kr/openapi/service/rest/fileDownloadSrvc/files/shelter/2023/11/202312291112148.jpg,,,종료(입양),M,N,"순하고 귀여우며, 사람을 잘따름",342434202100001,유기견임시보호소,033-680-3724,강원도 고성군 간성읍 꽃내마루길 53-49  ,류문수,강원특별자치도 고성군,2024-01-09 00:00:00.0,,,,,,,,,,,,,,,,,,,,,,,
442433202300411,20231229,강원 인제군 북면 금강로 210 하늘내린도리안,[개] 믹스견,417000,개,000114,믹스견,흰색,2018(년생),19(Kg),강원-인제-2023-00143,20231229,20240108,http://openapi.animal.go.kr/openapi/service/rest/fileDownloadSrvc/files/shelter/2023/11/202312291612119.jpg,,,종료(안락사),M,U,매우 마름,342433201300001,인제군동물보호센터,033-460-2473,강원특별자치도 인제군 인제읍 덕산로 256-41  ,유통축산과장,강원특별자치도 인제군,2024-01-10 00:00:00.0,,,,,,,,,,,,,,,,,,,,,,,
442423202300457,20231229,떡밭재 입구,[개] 라브라도 리트리버,417000,개,000069,라브라도 리트리버,황색,2021(년생),35(Kg),강원-속초-2023-00277,20231229,20240108,http://openapi.animal.go.kr/openapi/service/rest/fileDownloadSrvc/files/shelter/2023/11/202312291012353.jpg,,,종료(반환),M,N,주황색목줄착용,342423201200001,속초시유기동물보호소,033-636-2519,강원도 속초시 하도문길 103 (대포동) ,농업기술센터소장,강원특별자치도 속초시,2023-12-29 00:00:00.0,,,,,,,,,,,,,,,,,,,,,,,
441554202301814,20231229,광주시 곤지암읍 곤지암리 일대,[고양이] 한국 고양이,422400,고양이,000200,한국 고양이,회백색,2023(년생),2.80(Kg),경기-광주-2023-00855,20231229,20240108,http://openapi.animal.go.kr/openapi/service/rest/fileDownloadSrvc/files/shelter/2023/11/202312291812818.jpg,,,종료(입양),M,N,"12-37, 4~5개월령, 예쁜 회백색 옷을 입은 냥이, 인근 집 실내로 들어옴",341554201300008,광주TNR동물병원송정,031-798-7583,경기도 광주시 경안천로 142 (송정동) 광주TNR동물병원,성준우,경기도 광주시,2024-01-17 00:00:00.0,,,,,,,,,,,,,,,,,,,,,,,
441554202301813,20231229,광주시 초월읍 산수로 일대,[개] 믹스견,417000,개,000114,믹스견,검백색,2023(년생),3.30(Kg),경기-광주-2023-00854,20231229,20240108,http://openapi.animal.go.kr/openapi/service/rest/fileDownloadSrvc/files/shelter/2023/11/202312291712191.jpg,,,종료(입양),M,N,"12-36, 칩없음, 3개월령, 귀여운 외모에 똘망똘망한 성격의 아가",341554201900001,광주TNR동물병원초월,031-798-7581,경기도 광주시 초월읍 현산로385번길 74-12 (초월읍) ,성준우,경기도 광주시,2024-01-19 00:00:00.0,,,,,,,,,,,,,,,,,,,,,,,
441554202301812,20231229,광주시 곤지암읍 열미리 일대,[개] 믹스견,417000,개,000114,믹스견,갈색,2023(60일미만)(년생),2.50(Kg),경기-광주-2023-00853,20231229,20240108,http://openapi.animal.go.kr/openapi/service/rest/fileDownloadSrvc/files/shelter/2023/11/202312291512268.jpg,,,종료(기증),F,N,"12-35, 2개월령 자매, 떠돌이 모견의 새끼, 씩씩하고 귀여운 아가들",341554201900001,광주TNR동물병원초월,031-798-7581,경기도 광주시 초월읍 현산로385번길 74-12 (초월읍) ,성준우,경기도 광주시,2024-09-09 00:00:00.0,,,,http://openapi.animal.go.kr/openapi/service/rest/fileDownloadSrvc/files/shelter/2024/09/202409091709632.jpg,,,,,,,,,,,,,,,,,,,
441554202301811,20231229,광주시 곤지암읍 열미리 일대,[개] 믹스견,417000,개,000114,믹스견,갈색,2023(60일미만)(년생),2.50(Kg),경기-광주-2023-00852,20231229,20240108,http://openapi.animal.go.kr/openapi/service/rest/fileDownloadSrvc/files/shelter/2023/11/202312291512318.jpg,,,종료(자연사),F,N,"12-34, 2개월령 자매, 떠돌이 모견의 새끼, 씩씩하고 귀여운 아가들",341554201900001,광주TNR동물병원초월,031-798-7581,경기도 광주시 초월읍 현산로385번길 74-12 (초월읍) ,성준우,경기도 광주시,2024-03-18 00:00:00.0,,,,,,,,,,,,,,,,,,,,,,,
441417202301498,20231229,경기도 양평군 개군면 계전길 21,[개] 푸들,417000,개,000128,푸들,갈색,2019(년생),4(Kg),경기-양평-2023-00493,20231229,20240108,http://openapi.animal.go.kr/openapi/service/rest/fileDownloadSrvc/files/shelter/2023/11/202401151401823.png,http://openapi.animal.go.kr/openapi/service/rest/fileDownloadSrvc/files/shelter/2023/11/202402041202631.jpeg,,종료(자연사),M,N,사람을 좋아하지만 약간 소심함,341417201800001,양평군유기동물보호소,031-770-2337,경기도 양평군 양평읍 농업기술센터길 59-1  ,양평군청,경기도 양평군,2024-02-04 00:00:00.0,다른개체와의 다툼으로 인한 자연사,410160010371796,,,,,,,,,,,,,,,,,,,,,
441417202301497,20231229,경기도 양평군 개군면 계전길 21,[개] 푸들,417000,개,000128,푸들,갈색,2019(년생),4.6(Kg),경기-양평-2023-00492,20231229,20240108,http://openapi.animal.go.kr/openapi/service/rest/fileDownloadSrvc/files/shelter/2023/11/202401151401892.png,http://openapi.animal.go.kr/openapi/service/rest/fileDownloadSrvc/files/shelter/2024/02/202403021703163.png,,종료(입양),F,N,사람을 매우 좋아하고 활발함.,341417201800001,양평군유기동물보호소,031-770-2337,경기도 양평군 양평읍 농업기술센터길 59-1  ,양평군청,경기도 양평군,2024-03-02 00:00:00.0,,410160010371130,-,,,,,,,,,,,,,,,,,,,,
441417202301496,20231229,경기도 양평군 개군면 계전길 21,[개] 푸들,417000,개,000128,푸들,갈색,2019(년생),4.5(Kg),경기-양평-2023-00491,20231229,20240108,http://openapi.animal.go.kr/openapi/service/rest/fileDownloadSrvc/files/shelter/2023/11/202401151401124.png,http://openapi.animal.go.kr/openapi/service/rest/fileDownloadSrvc/files/shelter/2023/11/202402131602615.jpeg,,종료(기증),M,N,"양쪽 앞다리가 휨, 사람을 매우 좋아함",341417201800001,양평군유기동물보호소,031-770-2337,경기도 양평군 양평읍 농업기술센터길 59-1  ,양평군청,경기도 양평군,2024-02-13 00:00:00.0,,41010004028229,,,,,,,,,,,,,,,,,,,,,
441417202301495,20231229,경기도 양평군 개군면 계전길 21,[개] 푸들,417000,개,000128,푸들,갈색,2019(년생),4.5(Kg),경기-양평-2023-00490,20231229,20240108,http://openapi.animal.go.kr/openapi/service/rest/fileDownloadSrvc/files/shelter/2023/11/202401151401984.png,http://openapi.animal.go.kr/openapi/service/rest/fileDownloadSrvc/files/shelter/2023/11/202402041202269.jpeg,,종료(자연사),M,N,"사람을 좋아하지만 겁이많아 작은소리,움직임에 겁을 먹음",341417201800001,양평군유기동물보호소,031-770-2337,경기도 양평군 양평읍 농업기술센터길 59-1  ,양평군청,경기도 양평군,2024-02-04 00:00:00.0,같은방 다른 개체에게 물려 자연사,410100004028230,,,,,,,,,,,,,,,,,,,,,
441417202301494,20231229,경기도 양평군 개군면 계전길 21,[개] 푸들,417000,개,000128,푸들,갈색,2019(년생),4.2(Kg),경기-양평-2023-00489,20231229,20240108,http://openapi.animal.go.kr/openapi/service/rest/fileDownloadSrvc/files/shelter/2023/11/202401191301774.jpg,http://openapi.animal.go.kr/openapi/service/rest/fileDownloadSrvc/files/shelter/2024/05/202405281805596.jpeg,,종료(입양),F,N,"빈 집에 방치, 털 상태가 매우 안좋음",341417201800001,양평군유기동물보호소,031-770-2337,경기도 양평군 양평읍 농업기술센터길 59-1  ,양평군청,경기도 양평군,2024-05-28 00:00:00.0,,410160010370916,-,,,,,,,,,,,,,,,,,,,,
441417202301493,20231229,경기도 양평군 개군면 계전길 21,[개] 푸들,417000,개,000128,푸들,갈색,2019(년생),4.1(Kg),경기-양평-2023-00488,20231229,20240108,http://openapi.animal.go.kr/openapi/service/rest/fileDownloadSrvc/files/shelter/2023/11/202401161101404.png,http://openapi.animal.go.kr/openapi/service/rest/fileDownloadSrvc/files/shelter/2024/02/202402191802132.png,,종료(입양),F,N,사람을 잘 따르고 매우 좋아함,341417201800001,양평군유기동물보호소,031-770-2337,경기도 양평군 양평읍 농업기술센터길 59-1  ,양평군청,경기도 양평군,2024-02-19 00:00:00.0,,410160010368051,-,,,,,,,,,,,,,,,,,,,,
441417202301492,20231229,경기도 양평군 개군면 계전길 21,[개] 푸들,417000,개,000128,푸들,갈색,2019(년생),4(Kg),경기-양평-2023-00487,20231229,20240108,http://openapi.animal.go.kr/openapi/service/rest/fileDownloadSrvc/files/shelter/2023/11/202401151401883.png,http://openapi.animal.go.kr/openapi/service/rest/fileDownloadSrvc/files/shelter/2023/11/202402051102390.png,,종료(자연사),M,N,사람을 좋아하며  온순함,341417201800001,양평군유기동물보호소,031-770-2337,경기도 양평군 양평읍 농업기술센터길 59-1  ,양평군청,경기도 양평군,2024-02-05 00:00:00.0,개체 간 공격 당함,410160010371998,,,,,,,,,,,,,,,,,,,,,
441417202301491,20231229,경기도 양평군 개군면 계전길 21,[개] 푸들,417000,개,000128,푸들,갈색,2019(년생),4(Kg),경기-양평-2023-00486,20231229,20240108,http://openapi.animal.go.kr/openapi/service/rest/fileDownloadSrvc/files/shelter/2023/11/202401171101806.png,,,종료(입양),F,N,사람을 무척 좋아하며 잘 따름,341417201800001,양평군유기동물보호소,031-770-2337,경기도 양평군 양평읍 농업기술센터길 59-1  ,양평군청,경기도 양평군,2024-03-12 00:00:00.0,,410160010367624,-,,,,,,,,,,,,,,,,,,,,
441408202301962,20231229,금석길 36-13,[개] 믹스견,417000,개,000114,믹스견,흰색,2021(년생),20.3(Kg),경기-안성-2023-00753,20231229,20240108,http://openapi.animal.go.kr/openapi/service/rest/fileDownloadSrvc/files/shelter/2023/11/202312291012876.jpg,http://openapi.animal.go.kr/openapi/service/rest/fileDownloadSrvc/files/shelter/2023/11/202401111701393.jpg,http://openapi.animal.go.kr/openapi/service/rest/fileDownloadSrvc/files/shelter/2023/11/20240111170132.jpg,종료(안락사),Q,N,순함,341408200900001,안성시동물보호센터,031-673-5858,경기도 안성시 보개원삼로 157 (가사동) 미래동물병원,이성준,경기도 안성시,2024-01-11 00:00:00.0,,,,,,,,,,,,,,,,,,,,,,,
441405202304896,20231229,처인구 원삼면 사무소 인근,[개] 믹스견,417000,개,000114,믹스견,검정색,2025(60일미만)(년생),1.8(Kg),경기-용인-2023-00707,20231229,20240108,http://openapi.animal.go.kr/openapi/service/rest/fileDownloadSrvc/files/shelter/2023/11/202312291112175.jpg,,,종료(안락사),F,N,낯설지 않은 모습,341405201800001,용인시 동물보호센터,031-324-3463,경기도 용인시 처인구 중부대로 1074-1 (삼가동) 용인시 동물보호센터,용인시장,경기도 용인시,2025-11-07 10:20:31.0,"파보 장염으로 인한 인도적 처리(약제사용기록:조레틸0.2ml,Kcl5ml)",,,,,,,,,,,,,,,,,,,,,,
441397202300479,20231229,과천동 344-4 부근,[개] 믹스견,417000,개,000114,믹스견,갈,2023(60일미만)(년생),0.4(Kg),경기-과천-2023-00068,20231229,20240110,http://openapi.animal.go.kr/openapi/service/rest/fileDownloadSrvc/files/shelter/2023/11/202312291412131.jpg,,,종료(입양),F,N,"1개월, 공고번호 054번새끼, 이빨 나는 중 ",341397202100001,한국야생동물보호협회,031-296-0124,경기도 안산시 상록구 청곡길 50 (부곡동) (사)한국야생동물보호협회,박한웅,경기도 과천시,2024-01-11 00:00:00.0,,,,,,,,,,,,,,,,,,,,,,,
441397202300478,20231229,과천동 344-4 부근,[개] 믹스견,417000,개,000114,믹스견,흑갈,2023(60일미만)(년생),0.4(Kg),경기-과천-2023-00067,20231229,20240110,http://openapi.animal.go.kr/openapi/service/rest/fileDownloadSrvc/files/shelter/2023/11/202312291412662.jpg,,,종료(입양),M,N,"1개월, 공고번호 054번새끼, 이빨 나는 중 ",341397202100001,한국야생동물보호협회,031-296-0124,경기도 안산시 상록구 청곡길 50 (부곡동) (사)한국야생동물보호협회,박한웅,경기도 과천시,2024-01-11 00:00:00.0,,,,,,,,,,,,,,,,,,,,,,,
441397202300477,20231229,과천동 344-4 부근,[개] 믹스견,417000,개,000114,믹스견,갈백,2023(60일미만)(년생),0.4(Kg),경기-과천-2023-00066,20231229,20240110,http://openapi.animal.go.kr/openapi/service/rest/fileDownloadSrvc/files/shelter/2023/11/202312291412733.jpg,,,종료(입양),M,N,"1개월, 공고번호 054번새끼, 이빨 나는 중 ",341397202100001,한국야생동물보호협회,031-296-0124,경기도 안산시 상록구 청곡길 50 (부곡동) (사)한국야생동물보호협회,박한웅,경기도 과천시,2024-01-12 00:00:00.0,,,,,,,,,,,,,,,,,,,,,,,
441397202300476,20231229,과천동 344-4 부근,[개] 믹스견,417000,개,000114,믹스견,갈,2023(60일미만)(년생),0.4(Kg),경기-과천-2023-00065,20231229,20240110,http://openapi.animal.go.kr/openapi/service/rest/fileDownloadSrvc/files/shelter/2023/11/202312291412423.jpg,,,종료(입양),F,N,"1개월, 공고번호 054번새끼, 이빨 나는 중 ",341397202100001,한국야생동물보호협회,031-296-0124,경기도 안산시 상록구 청곡길 50 (부곡동) (사)한국야생동물보호협회,박한웅,경기도 과천시,2024-02-02 00:00:00.0,,,,,,,,,,,,,,,,,,,,,,,
441393202302386,20231229,부곡파출소에서 인수,[개] 믹스견,417000,개,000114,믹스견,흑갈,2013(년생),14(Kg),경기-안산-2023-01238,20231229,20240108,http://openapi.animal.go.kr/openapi/service/rest/fileDownloadSrvc/files/shelter/2023/11/202312291412561.jpg,,,종료(반환),F,U,"순함, 파란 목줄, 콧잔등 까짐 ",341393200900001,한국야생동물보호협회,031-296-0124,경기도 안산시 상록구 청곡길 50 (부곡동) 안산시 상록구 부곡동 231-5,박한웅,경기도 안산시,2023-12-30 00:00:00.0,,,,,,,,,,,,,,,,,,,,,,,
441393202302385,20231229,대부북동 1597-1 부근,[개] 믹스견,417000,개,000114,믹스견,갈,2022(년생),11(Kg),경기-안산-2023-01237,20231229,20240108,http://openapi.animal.go.kr/openapi/service/rest/fileDownloadSrvc/files/shelter/2023/11/202312291412957.jpg,,,종료(안락사),F,U,"순함, 사람 좋아함, 애교 많음 ",341393200900001,한국야생동물보호협회,031-296-0124,경기도 안산시 상록구 청곡길 50 (부곡동) 안산시 상록구 부곡동 231-5,박한웅,경기도 안산시,2024-08-13 00:00:00.0,보호기간 초과로 안락사,,,,,,,,,,,,,,,,,,,,,,
441393202302384,20231229,대부북동 1597-1 부근,[개] 믹스견,417000,개,000114,믹스견,백,2022(년생),10(Kg),경기-안산-2023-01236,20231229,20240108,http://openapi.animal.go.kr/openapi/service/rest/fileDownloadSrvc/files/shelter/2023/11/202312291412780.jpg,,,종료(안락사),F,U,"순함, 애교 많음, 사람 좋아함 ",341393200900001,한국야생동물보호협회,031-296-0124,경기도 안산시 상록구 청곡길 50 (부곡동) 안산시 상록구 부곡동 231-5,박한웅,경기도 안산시,2024-02-23 00:00:00.0,보호기간 초과로 안락사,,,,,,,,,,,,,,,,,,,,,,
441391202303232,20231229,송탄동 : 칠괴동 122-1,[개] 믹스견,417000,개,000114,믹스견,검정,2023(년생),8(Kg),경기-평택-2023-01690,20231229,20240108,http://openapi.animal.go.kr/openapi/service/rest/fileDownloadSrvc/files/shelter/2023/11/202312291612162.jpg,,,종료(자연사),M,N,"5개월 추정, 순하고 사람을 잘 따름",341391200900001,평택시유기동물보호소,031-8024-3849,경기도 평택시 진위면 야막길 108-86 (진위면) ,최동렬,경기도 평택시,2024-02-20 00:00:00.0,자연사,,,,평택시 동물보호센터 입양 절차 안내,20260101,20270101,,"입양절차 안내1. 입양문의가 많은 개체의 경우 공고종료 당일 오전 9시 선착순 10명 유선 추첨 접수2. 추첨당일 오후5시 결과 발표 및 당첨자 연락 후 입양가능 안내3. 당첨자는 익일부터 3일간의 입양가능일이 부여되며, 만약 3일이내 입양하지 않거나 입양상담 시 입양조건에 충족하지 않는 경우 당초 추첨자 중 후순위에 자격 부여됨4. 입양문의가 없어 공고종료일 이후에도 보호센터에 보호중인 개체는 선착순 현장 방문자에 대해 상담 및 입양처리보호중인 동물들이 새로운 보금자리를 찾아갈 수 있도록 많은 관심 부탁드립니다.",,,,,,,,,,,,,,
441391202303231,20231229,안중읍 : 현화리 845-2 부근,[개] 라브라도 리트리버,417000,개,000069,라브라도 리트리버,크림색,2020(년생),25(Kg),경기-평택-2023-01689,20231229,20240108,http://openapi.animal.go.kr/openapi/service/rest/fileDownloadSrvc/files/shelter/2023/11/202312291612296[1].jpg,,,종료(반환),F,U,"순하고 사람을 잘 따름, 관리가 잘 되어 있는 걸로 보아 주인을 잃어버린 것 같음",341391200900001,평택시유기동물보호소,031-8024-3849,경기도 평택시 진위면 야막길 108-86 (진위면) ,최동렬,경기도 평택시,2024-02-20 00:00:00.0,,,,,평택시 동물보호센터 입양 절차 안내,20260101,20270101,,"입양절차 안내1. 입양문의가 많은 개체의 경우 공고종료 당일 오전 9시 선착순 10명 유선 추첨 접수2. 추첨당일 오후5시 결과 발표 및 당첨자 연락 후 입양가능 안내3. 당첨자는 익일부터 3일간의 입양가능일이 부여되며, 만약 3일이내 입양하지 않거나 입양상담 시 입양조건에 충족하지 않는 경우 당초 추첨자 중 후순위에 자격 부여됨4. 입양문의가 없어 공고종료일 이후에도 보호센터에 보호중인 개체는 선착순 현장 방문자에 대해 상담 및 입양처리보호중인 동물들이 새로운 보금자리를 찾아갈 수 있도록 많은 관심 부탁드립니다.",,,,,,,,,,,,,,
441391202303230,20231229,청북읍 : 어소길 19-9,[개] 믹스견,417000,개,000114,믹스견,갈/흰,2020(년생),10(Kg),경기-평택-2023-01688,20231229,20240108,http://openapi.animal.go.kr/openapi/service/rest/fileDownloadSrvc/files/shelter/2023/11/202312291612626.jpg,,,종료(안락사),M,N,"2주째 마당에 들어와서 안 나가는 유기견 신고로 구조, 옷을 입고 있는걸로 보아 주인이 있는 것 같음",341391200900001,평택시유기동물보호소,031-8024-3849,경기도 평택시 진위면 야막길 108-86 (진위면) ,최동렬,경기도 평택시,2024-02-20 00:00:00.0,입양 가능성이 희박하며 더이상 보호가 불가능하여 안락사,,,,평택시 동물보호센터 입양 절차 안내,20260101,20270101,,"입양절차 안내1. 입양문의가 많은 개체의 경우 공고종료 당일 오전 9시 선착순 10명 유선 추첨 접수2. 추첨당일 오후5시 결과 발표 및 당첨자 연락 후 입양가능 안내3. 당첨자는 익일부터 3일간의 입양가능일이 부여되며, 만약 3일이내 입양하지 않거나 입양상담 시 입양조건에 충족하지 않는 경우 당초 추첨자 중 후순위에 자격 부여됨4. 입양문의가 없어 공고종료일 이후에도 보호센터에 보호중인 개체는 선착순 현장 방문자에 대해 상담 및 입양처리보호중인 동물들이 새로운 보금자리를 찾아갈 수 있도록 많은 관심 부탁드립니다.",,,,,,,,,,,,,,
441391202303229,20231229,팽성읍 : 안정순환로 104번길 46,[개] 말티즈,417000,개,000072,말티즈,흰색,2020(년생),1(Kg),경기-평택-2023-01687,20231229,20240108,http://openapi.animal.go.kr/openapi/service/rest/fileDownloadSrvc/files/shelter/2023/11/202312291612446.jpg,,,종료(기증),F,N,"보호와 치료가 필요해 보임, 너~~무 말랐음",341391200900001,평택시유기동물보호소,031-8024-3849,경기도 평택시 진위면 야막길 108-86 (진위면) ,최동렬,경기도 평택시,2024-02-20 00:00:00.0,,,,,평택시 동물보호센터 입양 절차 안내,20260101,20270101,,"입양절차 안내1. 입양문의가 많은 개체의 경우 공고종료 당일 오전 9시 선착순 10명 유선 추첨 접수2. 추첨당일 오후5시 결과 발표 및 당첨자 연락 후 입양가능 안내3. 당첨자는 익일부터 3일간의 입양가능일이 부여되며, 만약 3일이내 입양하지 않거나 입양상담 시 입양조건에 충족하지 않는 경우 당초 추첨자 중 후순위에 자격 부여됨4. 입양문의가 없어 공고종료일 이후에도 보호센터에 보호중인 개체는 선착순 현장 방문자에 대해 상담 및 입양처리보호중인 동물들이 새로운 보금자리를 찾아갈 수 있도록 많은 관심 부탁드립니다.",,,,,,,,,,,,,,
441391202303228,20231229,고덕면 : 좌교리 433-65,[개] 믹스견,417000,개,000114,믹스견,갈/검,2023(년생),4(Kg),경기-평택-2023-01686,20231229,20240108,http://openapi.animal.go.kr/openapi/service/rest/fileDownloadSrvc/files/shelter/2023/11/202312291612604.jpg,,,종료(안락사),F,N,"70일 추정, 귀엽고 사랑스럽다, 얼른 데려가 주세요~~",341391200900001,평택시유기동물보호소,031-8024-3849,경기도 평택시 진위면 야막길 108-86 (진위면) ,최동렬,경기도 평택시,2024-02-20 00:00:00.0,입양 가능성이 희박하며 더이상 보호가 불가능하여 안락사,,,,평택시 동물보호센터 입양 절차 안내,20260101,20270101,,"입양절차 안내1. 입양문의가 많은 개체의 경우 공고종료 당일 오전 9시 선착순 10명 유선 추첨 접수2. 추첨당일 오후5시 결과 발표 및 당첨자 연락 후 입양가능 안내3. 당첨자는 익일부터 3일간의 입양가능일이 부여되며, 만약 3일이내 입양하지 않거나 입양상담 시 입양조건에 충족하지 않는 경우 당초 추첨자 중 후순위에 자격 부여됨4. 입양문의가 없어 공고종료일 이후에도 보호센터에 보호중인 개체는 선착순 현장 방문자에 대해 상담 및 입양처리보호중인 동물들이 새로운 보금자리를 찾아갈 수 있도록 많은 관심 부탁드립니다.",,,,,,,,,,,,,,
441391202303227,20231229,원평동 : 군문주공 아파트 상가,[개] 말티즈,417000,개,000072,말티즈,흰색,2016(년생),6(Kg),경기-평택-2023-01685,20231229,20240108,http://openapi.animal.go.kr/openapi/service/rest/fileDownloadSrvc/files/shelter/2023/11/202312291612763.jpg,,,종료(자연사),F,N,"관리가 잘 되어있는 걸로 보아 주인을 잃어버린 것으로 보임, 순하고 사람을 잘 따름",341391200900001,평택시유기동물보호소,031-8024-3849,경기도 평택시 진위면 야막길 108-86 (진위면) ,최동렬,경기도 평택시,2024-02-20 00:00:00.0,자연사,410100004136988,,,평택시 동물보호센터 입양 절차 안내,20260101,20270101,,"입양절차 안내1. 입양문의가 많은 개체의 경우 공고종료 당일 오전 9시 선착순 10명 유선 추첨 접수2. 추첨당일 오후5시 결과 발표 및 당첨자 연락 후 입양가능 안내3. 당첨자는 익일부터 3일간의 입양가능일이 부여되며, 만약 3일이내 입양하지 않거나 입양상담 시 입양조건에 충족하지 않는 경우 당초 추첨자 중 후순위에 자격 부여됨4. 입양문의가 없어 공고종료일 이후에도 보호센터에 보호중인 개체는 선착순 현장 방문자에 대해 상담 및 입양처리보호중인 동물들이 새로운 보금자리를 찾아갈 수 있도록 많은 관심 부탁드립니다.",,,,,,,,,,,,,,
441391202303226,20231229,청북읍 : 오금길 34 ,[개] 믹스견,417000,개,000114,믹스견,갈/검/흰,2023(년생),5(Kg),경기-평택-2023-01684,20231229,20240108,http://openapi.animal.go.kr/openapi/service/rest/fileDownloadSrvc/files/shelter/2023/11/20231229151297.jpg,,,종료(안락사),M,N,"3개월 추정, 귀엽고 사랑스럽다 ",341391200900001,평택시유기동물보호소,031-8024-3849,경기도 평택시 진위면 야막길 108-86 (진위면) ,최동렬,경기도 평택시,2024-02-20 00:00:00.0,입양 가능성이 희박하며 더이상 보호가 불가능하여 안락사,,,,평택시 동물보호센터 입양 절차 안내,20260101,20270101,,"입양절차 안내1. 입양문의가 많은 개체의 경우 공고종료 당일 오전 9시 선착순 10명 유선 추첨 접수2. 추첨당일 오후5시 결과 발표 및 당첨자 연락 후 입양가능 안내3. 당첨자는 익일부터 3일간의 입양가능일이 부여되며, 만약 3일이내 입양하지 않거나 입양상담 시 입양조건에 충족하지 않는 경우 당초 추첨자 중 후순위에 자격 부여됨4. 입양문의가 없어 공고종료일 이후에도 보호센터에 보호중인 개체는 선착순 현장 방문자에 대해 상담 및 입양처리보호중인 동물들이 새로운 보금자리를 찾아갈 수 있도록 많은 관심 부탁드립니다.",,,,,,,,,,,,,,
441391202303225,20231229,안중읍 : 삼정리 134,[개] 믹스견,417000,개,000114,믹스견,갈/검,2023(년생),4.5(Kg),경기-평택-2023-01683,20231229,20240108,http://openapi.animal.go.kr/openapi/service/rest/fileDownloadSrvc/files/shelter/2023/11/202312291512794.jpg,,,종료(안락사),F,N,"4개월 추정, 귀엽고 사랑스럽다 ",341391200900001,평택시유기동물보호소,031-8024-3849,경기도 평택시 진위면 야막길 108-86 (진위면) ,최동렬,경기도 평택시,2024-02-20 00:00:00.0,입양 가능성이 희박하며 더이상 보호가 불가능하여 안락사,,,,평택시 동물보호센터 입양 절차 안내,20260101,20270101,,"입양절차 안내1. 입양문의가 많은 개체의 경우 공고종료 당일 오전 9시 선착순 10명 유선 추첨 접수2. 추첨당일 오후5시 결과 발표 및 당첨자 연락 후 입양가능 안내3. 당첨자는 익일부터 3일간의 입양가능일이 부여되며, 만약 3일이내 입양하지 않거나 입양상담 시 입양조건에 충족하지 않는 경우 당초 추첨자 중 후순위에 자격 부여됨4. 입양문의가 없어 공고종료일 이후에도 보호센터에 보호중인 개체는 선착순 현장 방문자에 대해 상담 및 입양처리보호중인 동물들이 새로운 보금자리를 찾아갈 수 있도록 많은 관심 부탁드립니다.",,,,,,,,,,,,,,
441391202303224,20231229,중앙동 : 청원로 1352,[개] 푸들,417000,개,000128,푸들,흰색,2021(년생),3.9(Kg),경기-평택-2023-01682,20231229,20240108,http://openapi.animal.go.kr/openapi/service/rest/fileDownloadSrvc/files/shelter/2023/11/202312291512207.jpg,,,종료(기증),F,U,"미용이 되어 있는 걸로 보아 주인을 잃어버린 것 같음, 순하고 사람을 잘 따름",341391200900001,평택시유기동물보호소,031-8024-3849,경기도 평택시 진위면 야막길 108-86 (진위면) ,최동렬,경기도 평택시,2024-02-20 00:00:00.0,,,,,평택시 동물보호센터 입양 절차 안내,20260101,20270101,,"입양절차 안내1. 입양문의가 많은 개체의 경우 공고종료 당일 오전 9시 선착순 10명 유선 추첨 접수2. 추첨당일 오후5시 결과 발표 및 당첨자 연락 후 입양가능 안내3. 당첨자는 익일부터 3일간의 입양가능일이 부여되며, 만약 3일이내 입양하지 않거나 입양상담 시 입양조건에 충족하지 않는 경우 당초 추첨자 중 후순위에 자격 부여됨4. 입양문의가 없어 공고종료일 이후에도 보호센터에 보호중인 개체는 선착순 현장 방문자에 대해 상담 및 입양처리보호중인 동물들이 새로운 보금자리를 찾아갈 수 있도록 많은 관심 부탁드립니다.",,,,,,,,,,,,,,
441391202303223,20231229,포승읍 : 서동대로 530-30,[개] 비숑 프리제,417000,개,000018,비숑 프리제,흰색,2021(년생),3(Kg),경기-평택-2023-01681,20231229,20240108,http://openapi.animal.go.kr/openapi/service/rest/fileDownloadSrvc/files/shelter/2023/11/202312291512914.jpg,,,종료(기증),F,U,"미용이 되어 있는 걸로 보아 주인을 잃어버린 것 같음, 순하고 사람을 잘 따름",341391200900001,평택시유기동물보호소,031-8024-3849,경기도 평택시 진위면 야막길 108-86 (진위면) ,최동렬,경기도 평택시,2024-02-20 00:00:00.0,,,,,평택시 동물보호센터 입양 절차 안내,20260101,20270101,,"입양절차 안내1. 입양문의가 많은 개체의 경우 공고종료 당일 오전 9시 선착순 10명 유선 추첨 접수2. 추첨당일 오후5시 결과 발표 및 당첨자 연락 후 입양가능 안내3. 당첨자는 익일부터 3일간의 입양가능일이 부여되며, 만약 3일이내 입양하지 않거나 입양상담 시 입양조건에 충족하지 않는 경우 당초 추첨자 중 후순위에 자격 부여됨4. 입양문의가 없어 공고종료일 이후에도 보호센터에 보호중인 개체는 선착순 현장 방문자에 대해 상담 및 입양처리보호중인 동물들이 새로운 보금자리를 찾아갈 수 있도록 많은 관심 부탁드립니다.",,,,,,,,,,,,,,
441378202302320,20231229,수진동 4690-19,[개] 믹스견,417000,개,000114,믹스견,백,2023(년생),5(Kg),경기-성남-2023-00780,20231229,20240108,http://openapi.animal.go.kr/openapi/service/rest/fileDownloadSrvc/files/shelter/2023/11/202312291212135.jpg,http://openapi.animal.go.kr/openapi/service/rest/fileDownloadSrvc/files/shelter/2023/11/202401171401495.jpg,,종료(입양),M,N,"5개월 추정, 구토, 파란색노란색 철물점 목줄, 옴 의심",341378201300002,펫앤쉘터동물병원,031-714-8392,"경기도 성남시 분당구 불정로 266 (수내동, 유신제일조합) ",한준근,경기도 성남시,2024-01-17 00:00:00.0,,,,,,,,,,,,,,,,,,,,,,,
441374202301572,20231229,권선구 칠보로 142(호매실동),[고양이] 한국 고양이,422400,고양이,000200,한국 고양이,갈색,2023(60일미만)(년생),0.45(Kg),경기-수원-2023-00811,20231229,20240108,http://openapi.animal.go.kr/openapi/service/rest/fileDownloadSrvc/files/shelter/2023/11/202312291412168.jpg,,,종료(자연사),Q,N,"여윔, 어림",341374202000001,수원시 동물보호센터,031-228-3557,"경기도 수원시 영통구 광교호수로 234 (하동, 수원시 동물보호센터) 하동 40-10",수원시장,경기도 수원시,2024-01-02 00:00:00.0,,,,,,,,,,,,,,,,,,,,,,,
441374202301571,20231229,장안구 팔달로 238(영화동),[개] 믹스견,417000,개,000114,믹스견,흰색,2023(년생),6.20(Kg),경기-수원-2023-00810,20231229,20240108,http://openapi.animal.go.kr/openapi/service/rest/fileDownloadSrvc/files/shelter/2023/11/202312291412845.jpg,,,종료(반환),F,N,"회색 옷, 녹색 하네스 착용",341374202000001,수원시 동물보호센터,031-228-3557,"경기도 수원시 영통구 광교호수로 234 (하동, 수원시 동물보호센터) 하동 40-10",수원시장,경기도 수원시,2023-12-29 00:00:00.0,,,,,,,,,,,,,,,,,,,,,,,
431370202301291,20231229,달동1279-14,[고양이] 한국 고양이,422400,고양이,000200,한국 고양이,고등어,2023(60일미만)(년생),0.50(Kg),울산-남구-2023-00802,20231229,20240108,http://openapi.animal.go.kr/openapi/service/rest/fileDownloadSrvc/files/shelter/2023/11/202312291712532.jpg,http://openapi.animal.go.kr/openapi/service/rest/fileDownloadSrvc/files/shelter/2023/11/202401051101941.jpg,,종료(자연사),M,N,"호흡기질환(기침,콧물)결막염.",331370201800001,강남동물병원,052-271-0075,울산광역시 남구 돋질로 232 (달동) 1층,김재훈,울산광역시 남구,2024-01-05 00:00:00.0,"호흡기,설사장염악화",,,,,,,,,,,,,,,,,,,,,,
431370202301290,20231229,달동1279-14,[고양이] 한국 고양이,422400,고양이,000200,한국 고양이,황/흰/검,2023(60일미만)(년생),0.50(Kg),울산-남구-2023-00801,20231229,20240108,http://openapi.animal.go.kr/openapi/service/rest/fileDownloadSrvc/files/shelter/2023/11/202312291712399.jpg,http://openapi.animal.go.kr/openapi/service/rest/fileDownloadSrvc/files/shelter/2023/11/202401201501716.jpg,,종료(자연사),F,N,"호흡기질환(기침,콧물)결막염.",331370201800001,강남동물병원,052-271-0075,울산광역시 남구 돋질로 232 (달동) 1층,김재훈,울산광역시 남구,2024-01-20 00:00:00.0,"호흡기,설사장염악화",,,,,,,,,,,,,,,,,,,,,,
431370202301289,20231229,달동1279-14,[고양이] 한국 고양이,422400,고양이,000200,한국 고양이,고등어,2023(60일미만)(년생),0.50(Kg),울산-남구-2023-00800,20231229,20240108,http://openapi.animal.go.kr/openapi/service/rest/fileDownloadSrvc/files/shelter/2023/11/202312291712195.jpg,http://openapi.animal.go.kr/openapi/service/rest/fileDownloadSrvc/files/shelter/2023/11/20240109160166.jpg,,종료(자연사),F,N,"호흡기질환(기침,콧물)결막염.",331370201800001,강남동물병원,052-271-0075,울산광역시 남구 돋질로 232 (달동) 1층,김재훈,울산광역시 남구,2024-01-09 00:00:00.0,"호흡기,설사장염악화",,,,,,,,,,,,,,,,,,,,,,
430367202301056,20231229,유성구 봉명동 668-4번지,[개] 말티즈,417000,개,000072,말티즈,백,2023(60일미만)(년생),2.00(Kg),대전-유성-2023-00369,20231229,20240108,http://openapi.animal.go.kr/openapi/service/rest/fileDownloadSrvc/files/shelter/2023/11/202312291412850[1].jpg,,,종료(반환),F,Y,없음,330367200900001,대전동물보호센터,042-825-1118,대전광역시 유성구 금남구즉로 1234 (금고동) 대전광역시 동물보호센터,대전광역시,대전광역시 유성구,2023-12-29 00:00:00.0,,,,,,,,,,,,,,,,,,,,,,,
429363202301241,20231229,광산구 소촌동,[개] 믹스견,417000,개,000114,믹스견,흰,2023(년생),8.8(Kg),광주-광산-2023-00918,20231229,20240108,http://openapi.animal.go.kr/openapi/service/rest/fileDownloadSrvc/files/shelter/2023/11/202312291512832.jpg,http://openapi.animal.go.kr/openapi/service/rest/fileDownloadSrvc/files/shelter/2023/11/20231229151226.jpg,http://openapi.animal.go.kr/openapi/service/rest/fileDownloadSrvc/files/shelter/2023/11/202312291512227.jpg,종료(반환),M,N,"23-1397 뽀뽀, 낯가림이 전혀 없고 아주 애교가 많음, 털이 풍성함",329363201300001,광주동물보호센터,062-571-2808,광주광역시 북구 본촌마을길 25-1 (본촌동) 광주동물보호센터,광주광역시장,광주광역시 광산구,2023-12-30 00:00:00.0,,,,,,,,,,,,,,,,,,,,,,,
429363202301240,20231229,광산구 운남동,[개] 믹스견,417000,개,000114,믹스견,크림색,2023(60일미만)(년생),2(Kg),광주-광산-2023-00917,20231229,20240108,http://openapi.animal.go.kr/openapi/service/rest/fileDownloadSrvc/files/shelter/2023/11/202312291512833.jpg,http://openapi.animal.go.kr/openapi/service/rest/fileDownloadSrvc/files/shelter/2023/11/202312291512938.jpg,http://openapi.animal.go.kr/openapi/service/rest/fileDownloadSrvc/files/shelter/2023/11/202312291512981.jpg,종료(자연사),F,N,"23-1396 슈슈, 얼굴이 예쁘고 온순한 성격임",329363201300001,광주동물보호센터,062-571-2808,광주광역시 북구 본촌마을길 25-1 (본촌동) 광주동물보호센터,광주광역시장,광주광역시 광산구,2024-01-12 00:00:00.0,"쇠약, 설사, 식욕 절폐",,,,,,,,,,,,,,,,,,,,,,
429361202300723,20231229,남구 양촌동,[개] 믹스견,417000,개,000114,믹스견,갈색&검정,2023(60일미만)(년생),3.2(Kg),광주-남구-2023-00410,20231229,20240108,http://openapi.animal.go.kr/openapi/service/rest/fileDownloadSrvc/files/shelter/2023/11/202312291512340.jpg,http://openapi.animal.go.kr/openapi/service/rest/fileDownloadSrvc/files/shelter/2023/11/202312291512450.jpg,http://openapi.animal.go.kr/openapi/service/rest/fileDownloadSrvc/files/shelter/2023/11/202312291512628.jpg,종료(안락사),F,N,"23-1398 사랑이, 온순한 성격, 날씬한 체형",329361201300001,광주동물보호센터,062-571-2808,광주광역시 북구 본촌마을길 25-1 (본촌동) 광주동물보호센터,광주광역시장,광주광역시 남구,2024-12-05 09:50:44.0,"수용불가, 입양가능성 낮음",,,,,,,,,,,,,,,,,,,,,,
428356202302140,20231229,서구 이마트 근처,[개] 믹스견,417000,개,000114,믹스견,갈색,2023(60일미만)(년생),3.4(Kg),인천-서구-2023-01272,20231229,20240108,http://openapi.animal.go.kr/openapi/service/rest/fileDownloadSrvc/files/shelter/2023/11/202312291512648.jpg,http://openapi.animal.go.kr/openapi/service/rest/fileDownloadSrvc/files/shelter/2023/11/202312301712344.jpg,,종료(반환),F,N,"목줄없음,온순함",328356201600005,우리동물병원,032-566-0075,인천광역시 서구 서곶로 349 (연희동) 우리동물병원,배세진,인천광역시 서구,2023-12-30 00:00:00.0,,,,,,,,,,,,,,,,,,,,,,,
428356202302139,20231229,석남동 203-9,[개] 믹스견,417000,개,000114,믹스견,검갈,2023(년생),16(Kg),인천-서구-2023-01271,20231229,20240108,http://openapi.animal.go.kr/openapi/service/rest/fileDownloadSrvc/files/shelter/2023/11/202312291412854.jpg,http://openapi.animal.go.kr/openapi/service/rest/fileDownloadSrvc/files/shelter/2023/11/202401081401921.jpg,,종료(반환),M,Y,순함. 편의점 앞 아이들이 놀아줌. 귀여움. 1살미만 추정. 착함.,328356201000001,가정동물병원,032-575-0833,인천광역시 서구 가정로 346 (가정동) ,양해용,인천광역시 서구,2024-01-08 00:00:00.0,,,,,,,,,,,,,,,,,,,,,,,
428356202302138,20231229,독정로111LH아파트,[개] 말티즈,417000,개,000072,말티즈,흰색,2021(년생),3.8(Kg),인천-서구-2023-01270,20231229,20240108,http://openapi.animal.go.kr/openapi/service/rest/fileDownloadSrvc/files/shelter/2023/11/202312291112925.jpg,http://openapi.animal.go.kr/openapi/service/rest/fileDownloadSrvc/files/shelter/2023/11/202401101201879.jpg,,종료(입양),F,U,빨간 목줄착용.온순함,328356201600005,우리동물병원,032-566-0075,인천광역시 서구 서곶로 349 (연희동) 우리동물병원,배세진,인천광역시 서구,2024-01-10 00:00:00.0,,,,,,,,,,,,,,,,,,,,,,,
428356202302137,20231229,석남동 522-6,[개] 시츄,417000,개,000101,시츄,흰갈,2018(년생),5.1(Kg),인천-서구-2023-01269,20231229,20240108,http://openapi.animal.go.kr/openapi/service/rest/fileDownloadSrvc/files/shelter/2023/11/20231229101266.jpg,http://openapi.animal.go.kr/openapi/service/rest/fileDownloadSrvc/files/shelter/2023/11/202312291012841.jpg,,종료(반환),M,N,반환예정. 외장칩 되어있음. 보호자 연락됨.,328356201000001,가정동물병원,032-575-0833,인천광역시 서구 가정로 346 (가정동) ,양해용,인천광역시 서구,2023-12-29 00:00:00.0,,410000000273173,-,,,,,,,,,,,,,,,,,,,,
427344202300421,20231229,남부 경찰서 앞,[개] 프렌치 불독,417000,개,000050,프렌치 불독,흰색,2019(년생),10(Kg),대구-남구-2023-00222,20231229,20240108,http://openapi.animal.go.kr/openapi/service/rest/fileDownloadSrvc/files/shelter/2023/11/202312291612504[1].jpg,http://openapi.animal.go.kr/openapi/service/rest/fileDownloadSrvc/files/shelter/2023/11/202312301412739.jpg,,종료(반환),M,N,온순함,327344201600001,대구유기동물보호협회,053-964-6258,대구광역시 동구 금강로 151-13 (금강동) ,임규호,대구광역시 남구,2023-12-30 00:00:00.0,,,,,,,,,,,,,,,,,,,,,,,
427343202301039,20231229,서구 비산초등학교 부근,[고양이] 한국 고양이,422400,고양이,000200,한국 고양이,흰색&검갈색,2023(60일미만)(년생),0.9(Kg),대구-서구-2023-00629,20231229,20240108,http://openapi.animal.go.kr/openapi/service/rest/fileDownloadSrvc/files/shelter/2023/11/202401101601424.jpg,,,종료(입양),F,N,"양결막염,콧물",327343201500003,대구시수의사회(보경),053-559-9020,대구광역시 서구 달서로 165 (비산동) ,조갑현,대구광역시 서구,2024-02-15 00:00:00.0,,,,,,,,,,,,,,,,,,,,,,,
427342202300798,20231229,안심 119,[고양이] 한국 고양이,422400,고양이,000200,한국 고양이,삼색,2022(년생),2.95(Kg),대구-동구-2023-00423,20231229,20240108,http://openapi.animal.go.kr/openapi/service/rest/fileDownloadSrvc/files/shelter/2023/11/202312291612516.jpg,http://openapi.animal.go.kr/openapi/service/rest/fileDownloadSrvc/files/shelter/2023/11/202312301412845.jpg,http://openapi.animal.go.kr/openapi/service/rest/fileDownloadSrvc/files/shelter/2023/11/202401011001561.jpg,종료(자연사),F,N,"교통사고, 의식 없음",327342201400001,대구유기동물보호센터,053-964-6258,대구광역시 동구 금강로 151-13 (금강동) ,임규호,대구광역시 동구,2024-01-01 00:00:00.0,,,,,,,,,,,,,,,,,,,,,,,
411314202300758,20231229,신월동136-8인근,[고양이] 한국 고양이,422400,고양이,000200,한국 고양이,갈/검정,2020(년생),2(Kg),서울-양천-2023-00228,20231229,20240108,http://openapi.animal.go.kr/openapi/service/rest/fileDownloadSrvc/files/shelter/2023/11/202312291512933.jpg,http://openapi.animal.go.kr/openapi/service/rest/fileDownloadSrvc/files/shelter/2023/11/202312301212736.jpg,,종료(자연사),F,Y,질병에노출되어눈꼽이심하고기력이없음,311314201000001,강현림동물병원,02-2642-9159,서울특별시 양천구 등촌로 160 (목동) 1층,강명대,서울특별시 양천구,2023-12-30 00:00:00.0,전염성질환,,,,,,,,,,,,,,,,,,,,,,
446481202301051,20231229,여수시농업기술센터,[개] 믹스견,417000,개,000114,믹스견,흰색,2023(60일미만)(년생),2.0(Kg),전남-여수-2023-00686,20231228,20231228,http://openapi.animal.go.kr/openapi/service/rest/fileDownloadSrvc/files/shelter/2023/11/202312291412912.jpg,,,종료(입양),F,N,(입양 진행 중 ) 441번 구조 후 출산한 자견.,346481200900001,반려동물보호센터,061-659-2474,전라남도 여수시 여수산단로 292-62 (평여동) 반려동물보호센터,여수시청,전라남도 여수시,2024-01-05 00:00:00.0,,,,,,,,,,,,,,,,,,,,,,,
448537202400026,20231228, 거제면 내간리마을 배회,[개] 믹스견,417000,개,000114,믹스견,옅은갈색,2021(년생),4(Kg),경남-거제-2024-00026,20240116,20240126,http://openapi.animal.go.kr/openapi/service/rest/fileDownloadSrvc/files/shelter/2023/11/202401161101138.jpg,,,종료(반환),F,U,목줄.리드줄착용.리트리버믹스,348537200900002,거제시동물보호센터,055-639-6368,경상남도 거제시 사등면 두동로1길 107  거제시동물보호센터,거제시청,경상남도 거제시,2024-01-17 00:00:00.0,,,,,,,,,,,,,,,,,,,,,,,
442424202300900,20231228,원덕읍 월천리 산1-18,[개] 믹스견,417000,개,000114,믹스견,갈색&흰색,2021(년생),5(Kg),강원-삼척-2024-00011,20240110,20240119,http://openapi.animal.go.kr/openapi/service/rest/fileDownloadSrvc/files/shelter/2023/11/202312290912776.jpg,,,종료(안락사),F,N,순함,342424201300001,삼척시동물보호센터,033-571-2610,강원도 삼척시 미로면 동안로 86-45  ,삼척시장,강원특별자치도 삼척시,2025-05-15 10:02:34.0,동믈에 공격성,,,,,,,,,,,,,,,http://openapi.animal.go.kr/openapi/service/rest/fileDownloadSrvc/files/shelter/2024/06/202406281006963[1].jpg,,,,,,,
428357202301868,20231228,갑곳리849,[개] 믹스견,417000,개,000114,믹스견,흰색,2024(60일미만)(년생),2.94(Kg),인천-강화-2024-00012,20240109,20240119,http://openapi.animal.go.kr/openapi/service/rest/fileDownloadSrvc/files/shelter/2023/11/202401091901786.jpg,,,종료(안락사),M,N,생후50일령,328357200900001,베스트동물병원,032-934-9340,"인천광역시 강화군 강화읍 강화대로 217 (강화읍, 린나이보일러) ",이규식,인천광역시 강화군,2024-02-05 00:00:00.0,"사상충감염,",,,,,,,,,,,,,,,,,,,,,,
428357202301867,20231228,초지리 1211-1,[고양이] 한국 고양이,422400,고양이,000200,한국 고양이,치즈,2024(60일미만)(년생),0.52(Kg),인천-강화-2024-00010,20240109,20240119,http://openapi.animal.go.kr/openapi/service/rest/fileDownloadSrvc/files/shelter/2023/11/202401091901157.jpg,http://openapi.animal.go.kr/openapi/service/rest/fileDownloadSrvc/files/shelter/2023/11/202401251701375.jpg,,종료(입양),M,N,생후 40일령,328357200900001,베스트동물병원,032-934-9340,"인천광역시 강화군 강화읍 강화대로 217 (강화읍, 린나이보일러) ",이규식,인천광역시 강화군,2024-01-25 00:00:00.0,,,,,,,,,,,,,,,,,,,,,,,
428357202301866,20231228,초지리 1211-1,[고양이] 한국 고양이,422400,고양이,000200,한국 고양이,치즈,2024(60일미만)(년생),0.46(Kg),인천-강화-2024-00009,20240109,20240119,http://openapi.animal.go.kr/openapi/service/rest/fileDownloadSrvc/files/shelter/2023/11/202401091901453.jpg,http://openapi.animal.go.kr/openapi/service/rest/fileDownloadSrvc/files/shelter/2023/11/202401251701552.jpg,,종료(입양),M,N,생후 40일령,328357200900001,베스트동물병원,032-934-9340,"인천광역시 강화군 강화읍 강화대로 217 (강화읍, 린나이보일러) ",이규식,인천광역시 강화군,2024-01-25 00:00:00.0,,,,,,,,,,,,,,,,,,,,,,,
428357202301865,20231228,초지리 1211-1,[고양이] 한국 고양이,422400,고양이,000200,한국 고양이,치즈,2024(60일미만)(년생),0.42(Kg),인천-강화-2024-00008,20240109,20240119,http://openapi.animal.go.kr/openapi/service/rest/fileDownloadSrvc/files/shelter/2023/11/202401091901952.jpg,http://openapi.animal.go.kr/openapi/service/rest/fileDownloadSrvc/files/shelter/2023/11/202401251701350.jpg,,종료(입양),M,N,생후 40일령,328357200900001,베스트동물병원,032-934-9340,"인천광역시 강화군 강화읍 강화대로 217 (강화읍, 린나이보일러) ",이규식,인천광역시 강화군,2024-01-25 00:00:00.0,,,,,,,,,,,,,,,,,,,,,,,
428357202301864,20231228,초지리 1211-1,[고양이] 한국 고양이,422400,고양이,000200,한국 고양이,치즈,2024(60일미만)(년생),0.46(Kg),인천-강화-2024-00007,20240109,20240119,http://openapi.animal.go.kr/openapi/service/rest/fileDownloadSrvc/files/shelter/2023/11/202401091901580.jpg,http://openapi.animal.go.kr/openapi/service/rest/fileDownloadSrvc/files/shelter/2023/11/202402021502512.jpg,,종료(입양),F,N,생후 40일령,328357200900001,베스트동물병원,032-934-9340,"인천광역시 강화군 강화읍 강화대로 217 (강화읍, 린나이보일러) ",이규식,인천광역시 강화군,2024-02-02 00:00:00.0,,,,,,,,,,,,,,,,,,,,,,,
428357202301863,20231228,초지리 1211-1,[고양이] 한국 고양이,422400,고양이,000200,한국 고양이,치즈,2024(60일미만)(년생),0.36(Kg),인천-강화-2024-00006,20240109,20240119,http://openapi.animal.go.kr/openapi/service/rest/fileDownloadSrvc/files/shelter/2023/11/202401091901617.jpg,http://openapi.animal.go.kr/openapi/service/rest/fileDownloadSrvc/files/shelter/2023/11/202402021502496.jpg,,종료(입양),M,N,생후 40일령,328357200900001,베스트동물병원,032-934-9340,"인천광역시 강화군 강화읍 강화대로 217 (강화읍, 린나이보일러) ",이규식,인천광역시 강화군,2024-02-02 00:00:00.0,,,,,,,,,,,,,,,,,,,,,,,
428357202301862,20231228,초지리 1211-1,[고양이] 한국 고양이,422400,고양이,000200,한국 고양이,치즈,2024(60일미만)(년생),0.36(Kg),인천-강화-2024-00005,20240109,20240119,http://openapi.animal.go.kr/openapi/service/rest/fileDownloadSrvc/files/shelter/2023/11/20240109190101.jpg,http://openapi.animal.go.kr/openapi/service/rest/fileDownloadSrvc/files/shelter/2023/11/202401251701997.jpg,,종료(입양),F,N,생후 40일령,328357200900001,베스트동물병원,032-934-9340,"인천광역시 강화군 강화읍 강화대로 217 (강화읍, 린나이보일러) ",이규식,인천광역시 강화군,2024-01-25 00:00:00.0,,,,,,,,,,,,,,,,,,,,,,,
428357202301861,20231228,매음리67-2 부,[개] 믹스견,417000,개,000114,믹스견,연갈색,2022(년생),6.54(Kg),인천-강화-2024-00004,20240109,20240119,http://openapi.animal.go.kr/openapi/service/rest/fileDownloadSrvc/files/shelter/2023/11/202401091901605.jpg,http://openapi.animal.go.kr/openapi/service/rest/fileDownloadSrvc/files/shelter/2023/11/202402051502931.jpg,,종료(안락사),M,N,푸른색 목테 착용,328357200900001,베스트동물병원,032-934-9340,"인천광역시 강화군 강화읍 강화대로 217 (강화읍, 린나이보일러) ",이규식,인천광역시 강화군,2024-02-05 00:00:00.0,"사상충감염,",,,,,,,,,,,,,,,,,,,,,,
428357202301860,20231228,매음리67-2 부,[개] 믹스견,417000,개,000114,믹스견,"색,흰색",2020(년생),6.42(Kg),인천-강화-2024-00003,20240109,20240119,http://openapi.animal.go.kr/openapi/service/rest/fileDownloadSrvc/files/shelter/2023/11/202401091901978.jpg,http://openapi.animal.go.kr/openapi/service/rest/fileDownloadSrvc/files/shelter/2023/11/202402051502223.jpg,,종료(안락사),M,N,머리부분 갈색,328357200900001,베스트동물병원,032-934-9340,"인천광역시 강화군 강화읍 강화대로 217 (강화읍, 린나이보일러) ",이규식,인천광역시 강화군,2024-02-05 00:00:00.0,"사상충감염,",,,,,,,,,,,,,,,,,,,,,,
428357202301859,20231228,매음리67-2 부,[개] 믹스견,417000,개,000114,믹스견,"검정색,흰색",2022(년생),19.25(Kg),인천-강화-2024-00002,20240109,20240119,http://openapi.animal.go.kr/openapi/service/rest/fileDownloadSrvc/files/shelter/2023/11/202401091901583.jpg,http://openapi.animal.go.kr/openapi/service/rest/fileDownloadSrvc/files/shelter/2023/11/202402051502453.jpg,,종료(안락사),M,N,가슴에 흰색 무늬,328357200900001,베스트동물병원,032-934-9340,"인천광역시 강화군 강화읍 강화대로 217 (강화읍, 린나이보일러) ",이규식,인천광역시 강화군,2024-02-05 00:00:00.0,"사상충감염,",,,,,,,,,,,,,,,,,,,,,,
442435202300202,20231228,강현면 안골로 326-156 주변,[개] 믹스견,417000,개,000114,믹스견,아이보리,2023(년생),5(Kg),강원-양양-2024-00002,20240104,20240115,http://openapi.animal.go.kr/openapi/service/rest/fileDownloadSrvc/files/shelter/2023/11/202401041001755.jpg,,,종료(자연사),M,N,생후 5개월 안팎으로 추정. 활발하고 사람을 잘따름,342435201000001,양양군유기동물보호소,033-670-2459,강원도 양양군 손양면 동막골길 115-35  .,양양군농업기술센터,강원특별자치도 양양군,2024-01-08 00:00:00.0,병사,,,,,,,,,,,,,,,,,,,,,,
441559202301406,20231228,부흥로1398번길 104-82 인근,[개] 믹스견,417000,개,000114,믹스견,갈/검,2021(년생),20(Kg),경기-양주-2024-00002,20240104,20240115,http://openapi.animal.go.kr/openapi/service/rest/fileDownloadSrvc/files/shelter/2023/11/202312291612746.jpg,,,종료(안락사),M,Y,코검정. 귀쫑긋. 경계. 꼬리단미안됨. 털상태양호.,341559200900001,한국동물구조관리협회,031-867-9119,경기도 양주시 남면 감악산로 63-37 (남면) ,김철훈,경기도 양주시,2024-01-22 00:00:00.0,보호기간종료.,,,,,,,,,,,,,,,,,,,,,,
441559202301405,20231228,백석읍 연곡리 199 난곡노인정 인근,[개] 푸들,417000,개,000128,푸들,흰,2017(년생),4.3(Kg),경기-양주-2024-00001,20240104,20240115,http://openapi.animal.go.kr/openapi/service/rest/fileDownloadSrvc/files/shelter/2023/11/20231229161293.jpg,,,종료(기증),M,Y,코갈색. 미용돼있음. 발바닥/발등 털 클리핑 됨. 활발. 왼허리부분 검은털 섞임. 꼬리단미됨. 털상태 양호.,341559200900001,한국동물구조관리협회,031-867-9119,경기도 양주시 남면 감악산로 63-37 (남면) ,김철훈,경기도 양주시,2024-01-24 00:00:00.0,,,,,,,,,,,,,,,,,,,,,,,
426334202301228,20231228,하단119,[개] 치와와,417000,개,000032,치와와,검은색,2019(년생),8(Kg),부산-사하-2024-00001,20240103,20240115,http://openapi.animal.go.kr/openapi/service/rest/fileDownloadSrvc/files/shelter/2023/11/202401032001249.jpg,,,종료(반환),M,U,옷착용,326334202100001,부산동물보호센터,051-293-9779,부산광역시 강서구 맥도강변길 752-15 (대저2동) ,김영진,부산광역시 사하구,2024-03-12 00:00:00.0,,,,,,,,,,,,,,,,,,,,,,,
446490202300296,20231228,청미래아파트,[개] 믹스견,417000,개,000114,믹스견,흰색,2021(년생),20.00(Kg),전남-화순-2024-00029,20240102,20240112,http://openapi.animal.go.kr/openapi/service/rest/fileDownloadSrvc/files/shelter/2023/11/202401021301579.jpg,,,종료(자연사),F,N,아파트내 배회함,346490202000001,화순군유기동물보호소,010-2663-6907,전라남도 화순군 한천면 덕음로 115 (한천면) ,박재국,전라남도 화순군,2024-06-17 00:00:00.0,,,,,,,,,,,,,,,,,,,,,,,
446490202300295,20231228,능주면 남정리 정효로 174,[개] 믹스견,417000,개,000114,믹스견,흰색,2024(60일미만)(년생),3.00(Kg),전남-화순-2024-00028,20240102,20240112,http://openapi.animal.go.kr/openapi/service/rest/fileDownloadSrvc/files/shelter/2023/11/202401021301461.jpg,,,종료(자연사),F,N,들개가 폐하우스에 새끼를 낳은 후 돌아오지 않음,346490202000001,화순군유기동물보호소,010-2663-6907,전라남도 화순군 한천면 덕음로 115 (한천면) ,박재국,전라남도 화순군,2024-06-17 00:00:00.0,,,,,,,,,,,,,,,,,,,,,,,
446490202300294,20231228,능주면 남정리 정효로 174,[개] 믹스견,417000,개,000114,믹스견,흰색,2024(60일미만)(년생),3.00(Kg),전남-화순-2024-00027,20240102,20240112,http://openapi.animal.go.kr/openapi/service/rest/fileDownloadSrvc/files/shelter/2023/11/202401021301630.jpg,,,종료(자연사),M,N,들개가 폐하우스에 새끼를 낳은 후 돌아오지 않음,346490202000001,화순군유기동물보호소,010-2663-6907,전라남도 화순군 한천면 덕음로 115 (한천면) ,박재국,전라남도 화순군,2024-06-17 00:00:00.0,,,,,,,,,,,,,,,,,,,,,,,
446490202300293,20231228,능주면 남정리 정효로 174,[개] 믹스견,417000,개,000114,믹스견,흰색,2024(60일미만)(년생),3.00(Kg),전남-화순-2024-00026,20240102,20240112,http://openapi.animal.go.kr/openapi/service/rest/fileDownloadSrvc/files/shelter/2023/11/20240102130105.jpg,,,종료(자연사),M,N,들개가 폐하우스에 새끼를 낳은 후 돌아오지 않음,346490202000001,화순군유기동물보호소,010-2663-6907,전라남도 화순군 한천면 덕음로 115 (한천면) ,박재국,전라남도 화순군,2024-06-17 00:00:00.0,,,,,,,,,,,,,,,,,,,,,,,
446490202300292,20231228,능주면 남정리 정효로 174,[개] 믹스견,417000,개,000114,믹스견,흰색,2024(60일미만)(년생),3.00(Kg),전남-화순-2024-00025,20240102,20240112,http://openapi.animal.go.kr/openapi/service/rest/fileDownloadSrvc/files/shelter/2023/11/202401021301839.jpg,,,종료(자연사),M,N,들개가 폐하우스에 새끼를 낳은 후 돌아오지 않음,346490202000001,화순군유기동물보호소,010-2663-6907,전라남도 화순군 한천면 덕음로 115 (한천면) ,박재국,전라남도 화순군,2024-06-17 00:00:00.0,,,,,,,,,,,,,,,,,,,,,,,
446490202300291,20231228,능주면 남정리 정효로 174,[개] 믹스견,417000,개,000114,믹스견,갈색,2024(60일미만)(년생),3.00(Kg),전남-화순-2024-00024,20240102,20240112,http://openapi.animal.go.kr/openapi/service/rest/fileDownloadSrvc/files/shelter/2023/11/202401021301189.jpg,,,종료(자연사),M,N,들개가 폐하우스에 새끼를 낳은 후 돌아오지 않음,346490202000001,화순군유기동물보호소,010-2663-6907,전라남도 화순군 한천면 덕음로 115 (한천면) ,박재국,전라남도 화순군,2024-06-17 00:00:00.0,,,,,,,,,,,,,,,,,,,,,,,
446490202300290,20231228,능주면 남정리 정효로 174,[개] 믹스견,417000,개,000114,믹스견,흰색,2024(60일미만)(년생),3.00(Kg),전남-화순-2024-00023,20240102,20240112,http://openapi.animal.go.kr/openapi/service/rest/fileDownloadSrvc/files/shelter/2023/11/20240102110147.jpg,,,종료(자연사),M,N,들개가 폐하우스에 새끼를 낳은 후 돌아오지 않음,346490202000001,화순군유기동물보호소,010-2663-6907,전라남도 화순군 한천면 덕음로 115 (한천면) ,박재국,전라남도 화순군,2024-06-17 00:00:00.0,,,,,,,,,,,,,,,,,,,,,,,
446490202300289,20231228,능주면 남정리 정효로 174,[개] 믹스견,417000,개,000114,믹스견,흰색,2024(60일미만)(년생),3.00(Kg),전남-화순-2024-00022,20240102,20240112,http://openapi.animal.go.kr/openapi/service/rest/fileDownloadSrvc/files/shelter/2023/11/202401021101194.jpg,,,종료(자연사),F,N,들개가 폐하우스에 새끼를 낳은 후 돌아오지 않음,346490202000001,화순군유기동물보호소,010-2663-6907,전라남도 화순군 한천면 덕음로 115 (한천면) ,박재국,전라남도 화순군,2024-06-17 00:00:00.0,,,,,,,,,,,,,,,,,,,,,,,
446490202300288,20231228,능주면 남정리 정효로 174,[개] 믹스견,417000,개,000114,믹스견,흰색,2024(60일미만)(년생),3.00(Kg),전남-화순-2024-00021,20240102,20240112,http://openapi.animal.go.kr/openapi/service/rest/fileDownloadSrvc/files/shelter/2023/11/202401021101601.jpg,,,종료(자연사),F,N,들개가 폐하우스에 새끼를 낳은 후 돌아오지 않음,346490202000001,화순군유기동물보호소,010-2663-6907,전라남도 화순군 한천면 덕음로 115 (한천면) ,박재국,전라남도 화순군,2024-06-17 00:00:00.0,,,,,,,,,,,,,,,,,,,,,,,
446490202300287,20231228,능주역 뒷편,[개] 믹스견,417000,개,000114,믹스견,갈색,2024(60일미만)(년생),3.00(Kg),전남-화순-2024-00020,20240102,20240112,http://openapi.animal.go.kr/openapi/service/rest/fileDownloadSrvc/files/shelter/2023/11/202401021101850.jpg,,,종료(자연사),M,N,능주역 뒷편에 유기견이 새끼낳음 사람따름,346490202000001,화순군유기동물보호소,010-2663-6907,전라남도 화순군 한천면 덕음로 115 (한천면) ,박재국,전라남도 화순군,2024-06-17 00:00:00.0,,,,,,,,,,,,,,,,,,,,,,,
446490202300286,20231228,능주역 뒷편,[개] 믹스견,417000,개,000114,믹스견,갈색,2024(60일미만)(년생),3.00(Kg),전남-화순-2024-00019,20240102,20240112,http://openapi.animal.go.kr/openapi/service/rest/fileDownloadSrvc/files/shelter/2023/11/202401021101762.jpg,,,종료(자연사),F,N,능주역 뒷편에 유기견이 새끼낳음 사람따름,346490202000001,화순군유기동물보호소,010-2663-6907,전라남도 화순군 한천면 덕음로 115 (한천면) ,박재국,전라남도 화순군,2024-06-17 00:00:00.0,,,,,,,,,,,,,,,,,,,,,,,
446490202300285,20231228,능주역 뒷편,[개] 믹스견,417000,개,000114,믹스견,갈색,2024(60일미만)(년생),3.00(Kg),전남-화순-2024-00018,20240102,20240112,http://openapi.animal.go.kr/openapi/service/rest/fileDownloadSrvc/files/shelter/2023/11/202401021101657.jpg,,,종료(자연사),M,N,능주역 뒷편에 유기견이 새끼낳음 사람따름,346490202000001,화순군유기동물보호소,010-2663-6907,전라남도 화순군 한천면 덕음로 115 (한천면) ,박재국,전라남도 화순군,2024-06-17 00:00:00.0,,,,,,,,,,,,,,,,,,,,,,,
446490202300284,20231228,능주역 뒷편,[개] 믹스견,417000,개,000114,믹스견,갈색,2024(60일미만)(년생),3.00(Kg),전남-화순-2024-00017,20240102,20240112,http://openapi.animal.go.kr/openapi/service/rest/fileDownloadSrvc/files/shelter/2023/11/202401021101892.jpg,,,종료(자연사),F,N,능주역 뒷편에 유기견이 새끼낳음 사람따름,346490202000001,화순군유기동물보호소,010-2663-6907,전라남도 화순군 한천면 덕음로 115 (한천면) ,박재국,전라남도 화순군,2024-06-17 00:00:00.0,,,,,,,,,,,,,,,,,,,,,,,
446490202300283,20231228,북면중학교,[개] 믹스견,417000,개,000114,믹스견,흰색,2024(년생),6.00(Kg),전남-화순-2024-00016,20240102,20240112,http://openapi.animal.go.kr/openapi/service/rest/fileDownloadSrvc/files/shelter/2023/11/202401021101495.jpg,,,종료(자연사),F,N,교내에 돌아다니면서 닭을잡아먹음,346490202000001,화순군유기동물보호소,010-2663-6907,전라남도 화순군 한천면 덕음로 115 (한천면) ,박재국,전라남도 화순군,2024-06-17 00:00:00.0,,,,,,,,,,,,,,,,,,,,,,,
446490202300282,20231228,능주역 뒷편,[개] 믹스견,417000,개,000114,믹스견,흰색,2024(60일미만)(년생),3.00(Kg),전남-화순-2024-00015,20240102,20240112,http://openapi.animal.go.kr/openapi/service/rest/fileDownloadSrvc/files/shelter/2023/11/202401021101430.jpg,,,종료(자연사),F,N,능주역 뒷편에 유기견이 새끼낳음 사람따름,346490202000001,화순군유기동물보호소,010-2663-6907,전라남도 화순군 한천면 덕음로 115 (한천면) ,박재국,전라남도 화순군,2024-06-17 00:00:00.0,,,,,,,,,,,,,,,,,,,,,,,
446490202300281,20231228,능주역 뒷편,[개] 믹스견,417000,개,000114,믹스견,흰색,2024(60일미만)(년생),3.00(Kg),전남-화순-2024-00014,20240102,20240112,http://openapi.animal.go.kr/openapi/service/rest/fileDownloadSrvc/files/shelter/2023/11/202401021101130.jpg,,,종료(자연사),F,N,능주역 뒷편에 유기견이 새끼낳음 사람따름,346490202000001,화순군유기동물보호소,010-2663-6907,전라남도 화순군 한천면 덕음로 115 (한천면) ,박재국,전라남도 화순군,2024-06-17 00:00:00.0,,,,,,,,,,,,,,,,,,,,,,,
446490202300280,20231228,능주역 뒷편,[개] 믹스견,417000,개,000114,믹스견,갈색,2024(60일미만)(년생),3.00(Kg),전남-화순-2024-00013,20240102,20240112,http://openapi.animal.go.kr/openapi/service/rest/fileDownloadSrvc/files/shelter/2023/11/202401021101232.jpg,,,종료(자연사),M,N,능주역 뒷편에 유기견이 새끼낳음 사람따름,346490202000001,화순군유기동물보호소,010-2663-6907,전라남도 화순군 한천면 덕음로 115 (한천면) ,박재국,전라남도 화순군,2024-06-17 00:00:00.0,,,,,,,,,,,,,,,,,,,,,,,
446490202300279,20231228,북면중학교,[개] 믹스견,417000,개,000114,믹스견,옅은갈색,2024(년생),6.00(Kg),전남-화순-2024-00012,20240102,20240112,http://openapi.animal.go.kr/openapi/service/rest/fileDownloadSrvc/files/shelter/2023/11/202401021101578.jpg,,,종료(자연사),M,N,교내에 돌아다니면서 닭을잡아먹음,346490202000001,화순군유기동물보호소,010-2663-6907,전라남도 화순군 한천면 덕음로 115 (한천면) ,박재국,전라남도 화순군,2024-06-17 00:00:00.0,,,,,,,,,,,,,,,,,,,,,,,
446490202300278,20231228,도곡면 죽청리 뚝방길,[개] 믹스견,417000,개,000114,믹스견,갈색,2024(60일미만)(년생),1.00(Kg),전남-화순-2024-00011,20240102,20240112,http://openapi.animal.go.kr/openapi/service/rest/fileDownloadSrvc/files/shelter/2023/11/202401021101141.jpg,,,종료(자연사),M,N,기력없음,346490202000001,화순군유기동물보호소,010-2663-6907,전라남도 화순군 한천면 덕음로 115 (한천면) ,박재국,전라남도 화순군,2024-06-17 00:00:00.0,,,,,,,,,,,,,,,,,,,,,,,
446490202300277,20231228,도곡면 죽청리 뚝방길,[개] 믹스견,417000,개,000114,믹스견,흰색 검은색,2024(60일미만)(년생),1.00(Kg),전남-화순-2024-00010,20240102,20240112,http://openapi.animal.go.kr/openapi/service/rest/fileDownloadSrvc/files/shelter/2023/11/202401021001295.jpg,,,종료(자연사),F,N,기력없음,346490202000001,화순군유기동물보호소,010-2663-6907,전라남도 화순군 한천면 덕음로 115 (한천면) ,박재국,전라남도 화순군,2024-06-17 00:00:00.0,,,,,,,,,,,,,,,,,,,,,,,
446490202300276,20231228,도곡면 지강로 485,[개] 믹스견,417000,개,000114,믹스견,흰색,2024(년생),5.00(Kg),전남-화순-2024-00009,20240102,20240112,http://openapi.animal.go.kr/openapi/service/rest/fileDownloadSrvc/files/shelter/2023/11/202401021001141.jpg,,,종료(자연사),M,N,가게(식당)에 버리고 감,346490202000001,화순군유기동물보호소,010-2663-6907,전라남도 화순군 한천면 덕음로 115 (한천면) ,박재국,전라남도 화순군,2024-06-17 00:00:00.0,,,,,,,,,,,,,,,,,,,,,,,
446490202300275,20231228,광덕중앙길 20번지,[개] 믹스견,417000,개,000114,믹스견,갈색 흰색,2019(년생),15.00(Kg),전남-화순-2024-00008,20240102,20240112,http://openapi.animal.go.kr/openapi/service/rest/fileDownloadSrvc/files/shelter/2023/11/202401021001787.jpg,,,종료(자연사),M,N,사람 따름,346490202000001,화순군유기동물보호소,010-2663-6907,전라남도 화순군 한천면 덕음로 115 (한천면) ,박재국,전라남도 화순군,2024-06-17 00:00:00.0,,,,,,,,,,,,,,,,,,,,,,,
446490202300274,20231228,화순읍 둔버리길 23-3,[개] 믹스견,417000,개,000114,믹스견,흰색 검은색,2019(년생),10.00(Kg),전남-화순-2024-00007,20240102,20240112,http://openapi.animal.go.kr/openapi/service/rest/fileDownloadSrvc/files/shelter/2023/11/202401021001512.jpg,,,종료(자연사),M,N,사람따름,346490202000001,화순군유기동물보호소,010-2663-6907,전라남도 화순군 한천면 덕음로 115 (한천면) ,박재국,전라남도 화순군,2024-06-17 00:00:00.0,,,,,,,,,,,,,,,,,,,,,,,
446490202300273,20231228,동복면 백아로 236,[개] 믹스견,417000,개,000114,믹스견,흰색,2022(년생),10.00(Kg),전남-화순-2024-00006,20240102,20240112,http://openapi.animal.go.kr/openapi/service/rest/fileDownloadSrvc/files/shelter/2023/11/202401021001827.jpg,,,종료(자연사),F,N,축사에 개가 들어와서 묶어놓음,346490202000001,화순군유기동물보호소,010-2663-6907,전라남도 화순군 한천면 덕음로 115 (한천면) ,박재국,전라남도 화순군,2024-06-17 00:00:00.0,,,,,,,,,,,,,,,,,,,,,,,
446490202300272,20231228,하니움 공설운동장,[개] 믹스견,417000,개,000114,믹스견,흰색,2024(60일미만)(년생),2.00(Kg),전남-화순-2024-00005,20240102,20240112,http://openapi.animal.go.kr/openapi/service/rest/fileDownloadSrvc/files/shelter/2023/11/202401020901377.jpg,,,종료(자연사),F,N,하니움 공설운동장에 버려짐,346490202000001,화순군유기동물보호소,010-2663-6907,전라남도 화순군 한천면 덕음로 115 (한천면) ,박재국,전라남도 화순군,2024-06-17 00:00:00.0,,,,,,,,,,,,,,,,,,,,,,,
446490202300271,20231228,하니움 공설운동장,[개] 믹스견,417000,개,000114,믹스견,갈색,2024(60일미만)(년생),2.00(Kg),전남-화순-2024-00004,20240102,20240112,http://openapi.animal.go.kr/openapi/service/rest/fileDownloadSrvc/files/shelter/2023/11/202401020901487.jpg,,,종료(자연사),M,N,하니움 공설운동장에 버려짐,346490202000001,화순군유기동물보호소,010-2663-6907,전라남도 화순군 한천면 덕음로 115 (한천면) ,박재국,전라남도 화순군,2024-06-17 00:00:00.0,,,,,,,,,,,,,,,,,,,,,,,
446490202300270,20231228,동면 운농리 967-2,[개] 믹스견,417000,개,000114,믹스견,흰색 검은색,2023(년생),7.00(Kg),전남-화순-2024-00003,20240102,20240112,http://openapi.animal.go.kr/openapi/service/rest/fileDownloadSrvc/files/shelter/2023/11/202401020901891.jpg,,,종료(자연사),F,N,마을에 버리고 감,346490202000001,화순군유기동물보호소,010-2663-6907,전라남도 화순군 한천면 덕음로 115 (한천면) ,박재국,전라남도 화순군,2024-06-17 00:00:00.0,,,,,,,,,,,,,,,,,,,,,,,
446490202300269,20231228,도곡면 덕리길 42-50,[개] 믹스견,417000,개,000114,믹스견,갈색 검은색,2018(년생),6.00(Kg),전남-화순-2024-00002,20240102,20240112,http://openapi.animal.go.kr/openapi/service/rest/fileDownloadSrvc/files/shelter/2023/11/202401020901723.jpg,,,종료(자연사),M,N,사람 경계심함,346490202000001,화순군유기동물보호소,010-2663-6907,전라남도 화순군 한천면 덕음로 115 (한천면) ,박재국,전라남도 화순군,2024-06-17 00:00:00.0,,,,,,,,,,,,,,,,,,,,,,,
446490202300268,20231228,부처샘길 3-13,[개] 믹스견,417000,개,000114,믹스견,갈색,2019(년생),10.00(Kg),전남-화순-2024-00001,20240102,20240112,http://openapi.animal.go.kr/openapi/service/rest/fileDownloadSrvc/files/shelter/2023/11/202401020801737.jpg,,,종료(자연사),F,N,카페로 개가들어옴 (주인반환),346490202000001,화순군유기동물보호소,010-2663-6907,전라남도 화순군 한천면 덕음로 115 (한천면) ,박재국,전라남도 화순군,2024-06-17 00:00:00.0,,,,,,,,,,,,,,,,,,,,,,,
428351202301063,20231228,미추홀구 수봉로 21번길 5,[개] 푸들,417000,개,000128,푸들,갈색,2018(년생),7(Kg),인천-미추홀-2024-00002,20240102,20240112,http://openapi.animal.go.kr/openapi/service/rest/fileDownloadSrvc/files/shelter/2023/11/202312291012615.jpg,,,종료(반환),M,U,주인반환,328351200900001,경동동물병원,032-515-7567,인천광역시 중구 개항로 68 (경동) ,이광태,인천광역시 미추홀구,2024-02-15 00:00:00.0,,,,,,,,,,,,,,,,,,,,,,,
426338202300618,20231228, 광안해변로307번길 18 광안스테이,[고양이] 한국 고양이,422400,고양이,000200,한국 고양이,흰색+검정,2024(60일미만)(년생),0.34(Kg),부산-수영-2024-00001,20240102,20240112,http://openapi.animal.go.kr/openapi/service/rest/fileDownloadSrvc/files/shelter/2023/11/202312291412888.jpg,http://openapi.animal.go.kr/openapi/service/rest/fileDownloadSrvc/files/shelter/2023/11/202312291412915.jpg,http://openapi.animal.go.kr/openapi/service/rest/fileDownloadSrvc/files/shelter/2023/11/202312291412926.jpg,종료(입양),M,N,"순함, 귀여움, 통통함",326338201300001,(사)동부동물보호협회,051-701-7599,부산광역시 해운대구 송정2로13번길 46 (송정동) ,장영철,부산광역시 수영구,2024-01-15 00:00:00.0,,,,,,,,,,,,,,,,,,,,,,,
426332202300989,20231228,구만덕로59번길 42,[개] 믹스견,417000,개,000114,믹스견,흰색,2022(년생),10(Kg),부산-북구-2024-00003,20240102,20240112,http://openapi.animal.go.kr/openapi/service/rest/fileDownloadSrvc/files/shelter/2023/11/202401021401310.png,,,보호중,F,N,"들개서식지에서 구조, 경계심과 공격성이 강함, 진드기 도포, 북구1-169호",326332201000001,부산동물보호센터,051-832-7119,부산광역시 강서구 맥도강변길 752-15 (대저2동) ,김영진,부산광역시 북구,2024-01-02 00:00:00.0,,,,,,,,,,,,,,,,,,,,,,,
426332202300988,20231228,구포 대성아파트 인근 거북공원,[개] 포메라니안,417000,개,000089,포메라니안,크림색,2021(년생),5(Kg),부산-북구-2024-00002,20240102,20240112,http://openapi.animal.go.kr/openapi/service/rest/fileDownloadSrvc/files/shelter/2023/11/202401021401759.png,,,종료(입양),F,N,"온순하고 사함을 잘따름, 복실복실한 털을가짐, 북구1-168호",326332201000001,부산동물보호센터,051-832-7119,부산광역시 강서구 맥도강변길 752-15 (대저2동) ,김영진,부산광역시 북구,2024-01-25 00:00:00.0,,,,,,,,,,,,,,,,,,,,,,,
426332202300987,20231228,구포 가람중학교 앞 세븐일레븐,[고양이] 한국 고양이,422400,고양이,000200,한국 고양이,흰색&황색,2021(년생),2(Kg),부산-북구-2024-00001,20240102,20240112,http://openapi.animal.go.kr/openapi/service/rest/fileDownloadSrvc/files/shelter/2023/11/202401021401336.jpg,http://openapi.animal.go.kr/openapi/service/rest/fileDownloadSrvc/files/shelter/2023/11/20240108100147.jpg,,종료(자연사),M,N,"매우 기력 없음, 마른상태, 영양상태 부족, 북구2-315호",326332201000001,부산동물보호센터,051-832-7119,부산광역시 강서구 맥도강변길 752-15 (대저2동) ,김영진,부산광역시 북구,2024-01-08 00:00:00.0,돌연사,,,,,,,,,,,,,,,,,,,,,,
411318202300601,20231228,대림로212 이디야커피 앞 노상,[개] 믹스견,417000,개,000114,믹스견,흰,2023(년생),16(Kg),서울-영등포-2024-00002,20240102,20240112,http://openapi.animal.go.kr/openapi/service/rest/fileDownloadSrvc/files/shelter/2023/11/202401021401374.jpg,,,종료(반환),M,N,서울응급치료센터보호중.갈색목줄.탈수.하복부찰과상.좌후지정강이뼈골절.외상에의한간수치높음.붕대처치.,311318201200001,한국동물구조관리협회,031-867-9119,경기도 양주시 남면 감악산로 63-37 ,김철훈,서울특별시 영등포구,2024-01-11 00:00:00.0,,,,,,,,,,,,,,,,,,,,,,,
411305202300828,20231228,천장산로7길 10-1 인근,[고양이] 한국 고양이,422400,고양이,000200,한국 고양이,검/흰,2023(년생),1.9(Kg),서울-동대문-2024-00001,20240102,20240112,http://openapi.animal.go.kr/openapi/service/rest/fileDownloadSrvc/files/shelter/2023/11/202401021401983.jpg,,,종료(자연사),M,N,서울동물응급치료센터 이송. 교통사고묘. 좌후지골절. 경련. 저혈당. 전해질불균형. 털상태불량.,311305201300001,한국동물구조관리협회,031-867-9119,경기도 양주시 남면 감악산로 63-37 ,김철훈,서울특별시 동대문구,2024-04-08 00:00:00.0,"경련,뇌진탕,골절,교통사고",,,,,,,,,,,,,,,,,,,,,,
446483202301925,20231228,나주시 빛가람동  재성저수지앞,[개] 믹스견,417000,개,000114,믹스견,흰색,2023(년생),7(Kg),전남-나주-2023-01578,20231231,20240110,http://openapi.animal.go.kr/openapi/service/rest/fileDownloadSrvc/files/shelter/2023/11/202312311712635.jpg,http://openapi.animal.go.kr/openapi/service/rest/fileDownloadSrvc/files/shelter/2023/11/202312311712179.jpg,http://openapi.animal.go.kr/openapi/service/rest/fileDownloadSrvc/files/shelter/2023/11/202312311712470.jpg,종료(입양),F,N,빛가람동 산포하나로마트아래저수지에서구조 4개월정도보임,346483202100001,나주유기동물보호센터,010-2331-7377,전라남도 나주시 산포면 내기3길 71-43 [*미고시] ,조왕애,전라남도 나주시,2024-05-29 00:00:00.0,,,,,,,,,,,,,,,,,,,,,,,
446483202301924,20231228,나주시 남평읍 상곡리 퇴비공장앞,[개] 믹스견,417000,개,000114,믹스견,검흰,2023(년생),3(Kg),전남-나주-2023-01577,20231231,20240110,http://openapi.animal.go.kr/openapi/service/rest/fileDownloadSrvc/files/shelter/2023/11/202312311712578.jpg,http://openapi.animal.go.kr/openapi/service/rest/fileDownloadSrvc/files/shelter/2023/11/20231231171225.jpg,http://openapi.animal.go.kr/openapi/service/rest/fileDownloadSrvc/files/shelter/2023/11/202312311712329.jpg,종료(입양),F,N,생후3개월정도보임,346483202100001,나주유기동물보호센터,010-2331-7377,전라남도 나주시 산포면 내기3길 71-43 [*미고시] ,조왕애,전라남도 나주시,2024-01-16 00:00:00.0,,,,,,,,,,,,,,,,,,,,,,,
442419202300845,20231228,남산공원,[개] 프렌치 불독,417000,개,000050,프렌치 불독,"갈,검정",2016(년생),12(Kg),강원-원주-2023-00783,20231231,20240110,http://openapi.animal.go.kr/openapi/service/rest/fileDownloadSrvc/files/shelter/2023/11/202312312212673.jpg,,,종료(자연사),F,N,거동불가,342419200900001,원주시동물보호센터,033-731-1119,강원특별자치도 원주시 호저면 칠봉로 109-17  ,유대봉,강원특별자치도 원주시,2023-12-31 00:00:00.0,,,,,,,,,,,,,,,,,,,,,,,
411302202300849,20231228,하얏트호텔~빅토리아 레지던트 길목,[개] 믹스견,417000,개,000114,믹스견,흰색,2023(60일미만)(년생),26.8(Kg),서울-용산-2023-00240,20231231,20240110,http://openapi.animal.go.kr/openapi/service/rest/fileDownloadSrvc/files/shelter/2023/11/202312281612527.jpg,http://openapi.animal.go.kr/openapi/service/rest/fileDownloadSrvc/files/shelter/2023/11/202401021201196[1].jpg,,종료(반환),M,N,목줄착용. 순하지만 먹을때는 건드리면 안됨,311302201000005,이태원동물병원,02-797-6677,서울특별시 용산구 이태원동 531,서정욱,서울특별시 용산구,2024-01-02 00:00:00.0,,410097800357085,-,,,,,,,,,,,,,,,,,,,,
431373202301627,20231228,서생면 해맞이로 주유소 앞,[개] 믹스견,417000,개,000114,믹스견,흰색,2023(년생),4(Kg),울산-울주-2023-00957,20231230,20240109,http://openapi.animal.go.kr/openapi/service/rest/fileDownloadSrvc/files/shelter/2023/11/202312301412301.jpg,http://openapi.animal.go.kr/openapi/service/rest/fileDownloadSrvc/files/shelter/2023/11/202402041502587.jpg,,종료(자연사),F,U,"스킨십 하는 걸 좋아하며 애교 많음, 날씬한 체형",331373201200002,울산유기동물보호센터,052-238-6113,울산광역시 울주군 온양읍 발리 1144,조구래,울산광역시 울주군,2024-02-04 00:00:00.0,원인불명,,,,,,,,,,,,,,,,,,,,,,
431372202300806,20231228,상안동 공장 안,[개] 포메라니안,417000,개,000089,포메라니안,크림색,2019(년생),3.2(Kg),울산-북구-2023-00378,20231230,20240109,http://openapi.animal.go.kr/openapi/service/rest/fileDownloadSrvc/files/shelter/2023/11/202312301512948.jpg,http://openapi.animal.go.kr/openapi/service/rest/fileDownloadSrvc/files/shelter/2024/04/20240425100474.jpg,,종료(입양),Q,U,"몸 만지는 걸 극도로 싫어하며 입질함, 산책을 시켰더니 금방 행복해함",331372201200001,울산유기동물보호센터,052-238-6113,울산광역시 울주군 온양읍 화산발리로 543  ,조구래,울산광역시 북구,2024-04-25 00:00:00.0,,,,,,,,,,,,,,,,,,,,,,,
431372202300805,20231228,구유동 48-1,[개] 믹스견,417000,개,000114,믹스견,흰색,2020(년생),9(Kg),울산-북구-2023-00377,20231230,20240109,http://openapi.animal.go.kr/openapi/service/rest/fileDownloadSrvc/files/shelter/2023/11/202312301612566.jpg,http://openapi.animal.go.kr/openapi/service/rest/fileDownloadSrvc/files/shelter/2023/11/202401171401296.jpg,,종료(자연사),M,U,"견주 사망으로 입소, 현재는 예민한 상태",331372201200001,울산유기동물보호센터,052-238-6113,울산광역시 울주군 온양읍 화산발리로 543  ,조구래,울산광역시 북구,2024-01-17 00:00:00.0,원인불명,,,,,,,,,,,,,,,,,,,,,,
431372202300804,20231228,구유동 48-1,[개] 보더 콜리,417000,개,000020,보더 콜리,흰/검,2020(년생),9.8(Kg),울산-북구-2023-00376,20231230,20240109,http://openapi.animal.go.kr/openapi/service/rest/fileDownloadSrvc/files/shelter/2023/11/202312301512411.jpg,http://openapi.animal.go.kr/openapi/service/rest/fileDownloadSrvc/files/shelter/2023/11/202401171401526.jpg,,종료(자연사),M,U,"견주 사망으로 입소, 현재는 예민한 상태",331372201200001,울산유기동물보호센터,052-238-6113,울산광역시 울주군 온양읍 화산발리로 543  ,조구래,울산광역시 북구,2024-01-17 00:00:00.0,,,,,,,,,,,,,,,,,,,,,,,
431372202300803,20231228,한양립스 주변 과수원,[개] 믹스견,417000,개,000114,믹스견,흰/갈,2020(년생),12(Kg),울산-북구-2023-00375,20231230,20240109,http://openapi.animal.go.kr/openapi/service/rest/fileDownloadSrvc/files/shelter/2023/11/202312301512415.jpg,http://openapi.animal.go.kr/openapi/service/rest/fileDownloadSrvc/files/shelter/2024/04/202404111104861.jpg,,종료(안락사),M,U,"사나움, 외모는 멋있음",331372201200001,울산유기동물보호센터,052-238-6113,울산광역시 울주군 온양읍 화산발리로 543  ,조구래,울산광역시 북구,2024-04-11 00:00:00.0,,,,,,,,,,,,,,,,,,,,,,,
450650202304443,20231228,제주시 삼양일동 서흘1길46흑섬인근,[고양이] 한국 고양이,422400,고양이,000200,한국 고양이,갈색,2023(년생),1.7(Kg),제주-제주-2023-04275,20231229,20240108,http://openapi.animal.go.kr/openapi/service/rest/fileDownloadSrvc/files/shelter/2023/11/202312281612292[1].jpg,,,종료(방사),M,N,개체관리번호 23814 - 8개월/항문주변 및 꼬리 괴사/경계심,350650201200001,제주 동물보호센터,064-710-4065,제주특별자치도 제주시 첨단동길 184-14 (용강동) ,문성업,제주특별자치도,2024-01-09 00:00:00.0,,,,,,,,,,,,,,,,,,,,,,,
450650202304442,20231228,서귀포시 안덕면 사계남로84번길4 미카의달콤한작업실,[고양이] 한국 고양이,422400,고양이,000200,한국 고양이,흰색,2020(년생),3.8(Kg),제주-제주-2023-04274,20231229,20240108,http://openapi.animal.go.kr/openapi/service/rest/fileDownloadSrvc/files/shelter/2023/11/202312281612290.jpg,,,종료(방사),M,N,개체관리번호 23813 - 뒷다리파행,350650201200001,제주 동물보호센터,064-710-4065,제주특별자치도 제주시 첨단동길 184-14 (용강동) ,문성업,제주특별자치도,2024-01-09 00:00:00.0,,,,,,,,,,,,,,,,,,,,,,,
450650202304440,20231228,제주시 조천읍 선흘리3990,[개] 믹스견,417000,개,000114,믹스견,검정,2023(년생),3.8(Kg),제주-제주-2023-04273,20231229,20240108,http://openapi.animal.go.kr/openapi/service/rest/fileDownloadSrvc/files/shelter/2023/11/202312281612880[1].jpg,http://openapi.animal.go.kr/openapi/service/rest/fileDownloadSrvc/files/shelter/2023/11/202401161201446.jpg,,종료(안락사),F,N,개체관리번호 3690 - 3개월,350650201200001,제주 동물보호센터,064-710-4065,제주특별자치도 제주시 첨단동길 184-14 (용강동) ,문성업,제주특별자치도,2024-01-16 00:00:00.0,공고기간경과,,,,,,,,,,,,,,,,,,,,,,
450650202304439,20231228,서귀포시 표선면 가시로613번길4-8,[개] 믹스견,417000,개,000114,믹스견,흰색,2023(년생),8(Kg),제주-제주-2023-04272,20231229,20240108,http://openapi.animal.go.kr/openapi/service/rest/fileDownloadSrvc/files/shelter/2023/11/202312281612802.jpg,http://openapi.animal.go.kr/openapi/service/rest/fileDownloadSrvc/files/shelter/2023/11/202401161201484[1].jpg,,종료(안락사),F,N,개체관리번호 3689 - 6개월,350650201200001,제주 동물보호센터,064-710-4065,제주특별자치도 제주시 첨단동길 184-14 (용강동) ,문성업,제주특별자치도,2024-01-16 00:00:00.0,공고기간경과,,,,,,,,,,,,,,,,,,,,,,
450650202304438,20231228,서귀포시 표선면 가시로613번길4-8,[개] 믹스견,417000,개,000114,믹스견,흰색,2023(년생),8(Kg),제주-제주-2023-04271,20231229,20240108,http://openapi.animal.go.kr/openapi/service/rest/fileDownloadSrvc/files/shelter/2023/11/202312281612638.jpg,http://openapi.animal.go.kr/openapi/service/rest/fileDownloadSrvc/files/shelter/2023/11/202401161201662.jpg,,종료(안락사),M,N,개체관리번호 3588 - 6개월,350650201200001,제주 동물보호센터,064-710-4065,제주특별자치도 제주시 첨단동길 184-14 (용강동) ,문성업,제주특별자치도,2024-01-16 00:00:00.0,공고기간경과,,,,,,,,,,,,,,,,,,,,,,
450650202304437,20231228,서귀포시 표선면 가시로613번길4-8,[개] 믹스견,417000,개,000114,믹스견,흰색,2023(년생),6.5(Kg),제주-제주-2023-04270,20231229,20240108,http://openapi.animal.go.kr/openapi/service/rest/fileDownloadSrvc/files/shelter/2023/11/20231228161287.jpg,http://openapi.animal.go.kr/openapi/service/rest/fileDownloadSrvc/files/shelter/2023/11/202401161201182.jpg,,종료(안락사),M,N,개체관리번호 3587 - 6개월,350650201200001,제주 동물보호센터,064-710-4065,제주특별자치도 제주시 첨단동길 184-14 (용강동) ,문성업,제주특별자치도,2024-01-16 00:00:00.0,공고기간경과,,,,,,,,,,,,,,,,,,,,,,
450650202304436,20231228,서귀포시 남원읍 위미중앙로196번길6-12,[개] 믹스견,417000,개,000114,믹스견,검정,2023(년생),15.2(Kg),제주-제주-2023-04269,20231229,20240108,http://openapi.animal.go.kr/openapi/service/rest/fileDownloadSrvc/files/shelter/2023/11/202312281612666.jpg,http://openapi.animal.go.kr/openapi/service/rest/fileDownloadSrvc/files/shelter/2023/11/202401241301827.jpg,,종료(안락사),F,N,개체관리번호 3686 - 10개월/파란목줄/경계심,350650201200001,제주 동물보호센터,064-710-4065,제주특별자치도 제주시 첨단동길 184-14 (용강동) ,문성업,제주특별자치도,2024-01-24 00:00:00.0,"공격성,행동장애",,,,,,,,,,,,,,,,,,,,,,
448535202302090,20231228,김해시 진영읍 김해대로361번길 34,[기타축종] 고슴도치,429900,기타,000117,기타축종,갈색,2023(년생),0.3(Kg),경남-김해-2023-01326,20231229,20240108,http://openapi.animal.go.kr/openapi/service/rest/fileDownloadSrvc/files/shelter/2023/11/202312290912619.png,http://openapi.animal.go.kr/openapi/service/rest/fileDownloadSrvc/files/shelter/2023/11/202312290912637.png,,종료(자연사),Q,U,"김해시-1316, 나이추정불가, 어미없음",348535201200001,유기동물및관리협회,051-971-6208,부산광역시 강서구 가락대로1283번길 25-2 (봉림동) (사)유기동물및보호관리협회,변재갑,경상남도 김해시,2024-01-09 00:00:00.0,,,,,,,,,,,,,,,,,,,,,,,
448535202302089,20231228,김해시 진영읍 진산대로  213,[개] 셰퍼드,417000,개,000122,셰퍼드,갈색,2021(년생),25(Kg),경남-김해-2023-01325,20231229,20240108,http://openapi.animal.go.kr/openapi/service/rest/fileDownloadSrvc/files/shelter/2023/11/202312290912173.png,http://openapi.animal.go.kr/openapi/service/rest/fileDownloadSrvc/files/shelter/2023/11/202312290912203.png,,종료(반환),F,U,"김해시-1315, 칩 없음",348535201200001,유기동물및관리협회,051-971-6208,부산광역시 강서구 가락대로1283번길 25-2 (봉림동) (사)유기동물및보호관리협회,변재갑,경상남도 김해시,2024-01-02 00:00:00.0,,,,,,,,,,,,,,,,,,,,,,,
448535202302088,20231228,김해시 동북로473번길 418-4,[개] 믹스견,417000,개,000114,믹스견,"검정,흰색",2023(년생),4(Kg),경남-김해-2023-01324,20231229,20240108,http://openapi.animal.go.kr/openapi/service/rest/fileDownloadSrvc/files/shelter/2023/11/202312290912993.png,http://openapi.animal.go.kr/openapi/service/rest/fileDownloadSrvc/files/shelter/2023/11/20231229091209.png,,종료(자연사),F,U,"김해시-1314, 4개월 추정, 동일장소서 4두 입소",348535201200001,유기동물및관리협회,051-971-6208,부산광역시 강서구 가락대로1283번길 25-2 (봉림동) (사)유기동물및보호관리협회,변재갑,경상남도 김해시,2024-01-17 00:00:00.0,,,,,,,,,,,,,,,,,,,,,,,
448535202302087,20231228,김해시 동북로473번길 418-4,[개] 믹스견,417000,개,000114,믹스견,갈검색,2023(년생),4(Kg),경남-김해-2023-01323,20231229,20240108,http://openapi.animal.go.kr/openapi/service/rest/fileDownloadSrvc/files/shelter/2023/11/20231229091211.png,http://openapi.animal.go.kr/openapi/service/rest/fileDownloadSrvc/files/shelter/2023/11/20231229091236.png,,종료(자연사),M,U,"김해시-1313, 4개월 추정, 동일장소서 4두 입소",348535201200001,유기동물및관리협회,051-971-6208,부산광역시 강서구 가락대로1283번길 25-2 (봉림동) (사)유기동물및보호관리협회,변재갑,경상남도 김해시,2024-01-08 00:00:00.0,,,,,,,,,,,,,,,,,,,,,,,
448535202302086,20231228,김해시 동북로473번길 418-4,[개] 믹스견,417000,개,000114,믹스견,갈검색,2023(년생),4(Kg),경남-김해-2023-01322,20231229,20240108,http://openapi.animal.go.kr/openapi/service/rest/fileDownloadSrvc/files/shelter/2023/11/202312290912661.png,http://openapi.animal.go.kr/openapi/service/rest/fileDownloadSrvc/files/shelter/2023/11/202312290912677.png,,종료(자연사),F,U,"김해시-1312, 4개월 추정, 동일장소서 4두 입소",348535201200001,유기동물및관리협회,051-971-6208,부산광역시 강서구 가락대로1283번길 25-2 (봉림동) (사)유기동물및보호관리협회,변재갑,경상남도 김해시,2024-01-09 00:00:00.0,,,,,,,,,,,,,,,,,,,,,,,
448535202302085,20231228,김해시 동북로473번길 418-4,[개] 믹스견,417000,개,000114,믹스견,흰색,2023(년생),4(Kg),경남-김해-2023-01321,20231229,20240108,http://openapi.animal.go.kr/openapi/service/rest/fileDownloadSrvc/files/shelter/2023/11/202312290912164.png,http://openapi.animal.go.kr/openapi/service/rest/fileDownloadSrvc/files/shelter/2023/11/202312290912177.png,,종료(자연사),F,U,"김해시-1311, 4개월 추정, 동일장소서 4두 입소",348535201200001,유기동물및관리협회,051-971-6208,부산광역시 강서구 가락대로1283번길 25-2 (봉림동) (사)유기동물및보호관리협회,변재갑,경상남도 김해시,2024-01-17 00:00:00.0,,,,,,,,,,,,,,,,,,,,,,,
448535202302084,20231228,김해시 가야로 57,[개] 믹스견,417000,개,000114,믹스견,"흰색,갈색",2023(년생),4(Kg),경남-김해-2023-01320,20231229,20240108,http://openapi.animal.go.kr/openapi/service/rest/fileDownloadSrvc/files/shelter/2023/11/202312290912783.png,http://openapi.animal.go.kr/openapi/service/rest/fileDownloadSrvc/files/shelter/2023/11/202312290912795.png,,종료(자연사),F,U,"김해시-1310, 4개월 추정, 동일장소서 4두 입소",348535201200001,유기동물및관리협회,051-971-6208,부산광역시 강서구 가락대로1283번길 25-2 (봉림동) (사)유기동물및보호관리협회,변재갑,경상남도 김해시,2024-01-05 00:00:00.0,,,,,,,,,,,,,,,,,,,,,,,
448535202302083,20231228,김해시 가야로 57,[개] 믹스견,417000,개,000114,믹스견,흰색,2023(년생),4(Kg),경남-김해-2023-01330,20231229,20240108,http://openapi.animal.go.kr/openapi/service/rest/fileDownloadSrvc/files/shelter/2023/11/202312290912584.png,http://openapi.animal.go.kr/openapi/service/rest/fileDownloadSrvc/files/shelter/2023/11/202312290912600.png,,종료(자연사),F,U,"김해시-1309, 4개월 추정, 동일장소서 4두 입소",348535201200001,유기동물및관리협회,051-971-6208,부산광역시 강서구 가락대로1283번길 25-2 (봉림동) (사)유기동물및보호관리협회,변재갑,경상남도 김해시,2024-03-20 00:00:00.0,,,,,,,,,,,,,,,,,,,,,,,
448535202302082,20231228,김해시 가야로 57,[개] 믹스견,417000,개,000114,믹스견,갈검색,2023(년생),4(Kg),경남-김해-2023-01329,20231229,20240108,http://openapi.animal.go.kr/openapi/service/rest/fileDownloadSrvc/files/shelter/2023/11/202312290912521.png,http://openapi.animal.go.kr/openapi/service/rest/fileDownloadSrvc/files/shelter/2023/11/202312290912534.png,,종료(자연사),F,U,"김해시-1308, 4개월 추정, 동일장소서 4두 입소",348535201200001,유기동물및관리협회,051-971-6208,부산광역시 강서구 가락대로1283번길 25-2 (봉림동) (사)유기동물및보호관리협회,변재갑,경상남도 김해시,2024-01-17 00:00:00.0,,,,,,,,,,,,,,,,,,,,,,,
448535202302081,20231228,김해시 가야로 57,[개] 믹스견,417000,개,000114,믹스견,연갈색,2023(년생),4(Kg),경남-김해-2023-01328,20231229,20240108,http://openapi.animal.go.kr/openapi/service/rest/fileDownloadSrvc/files/shelter/2023/11/202312290912746.png,http://openapi.animal.go.kr/openapi/service/rest/fileDownloadSrvc/files/shelter/2023/11/202312290912774.png,,종료(자연사),F,U,"김해시-1307, 4개월 추정, 동일장소서 4두 입소",348535201200001,유기동물및관리협회,051-971-6208,부산광역시 강서구 가락대로1283번길 25-2 (봉림동) (사)유기동물및보호관리협회,변재갑,경상남도 김해시,2024-01-12 00:00:00.0,,,,,,,,,,,,,,,,,,,,,,,
448535202302080,20231228,김해시 동부구조대,[개] 보더 콜리,417000,개,000020,보더 콜리,"흰색,검정색",2019(년생),20(Kg),경남-김해-2023-01327,20231229,20240108,http://openapi.animal.go.kr/openapi/service/rest/fileDownloadSrvc/files/shelter/2023/11/202312290912950.png,http://openapi.animal.go.kr/openapi/service/rest/fileDownloadSrvc/files/shelter/2023/11/202312290912970.png,,종료(입양),M,U,"김해시-1306, 중국등록번호(900111880088834)는 있으나, 국내에 등록되어 있지 않음,",348535201200001,유기동물및관리협회,051-971-6208,부산광역시 강서구 가락대로1283번길 25-2 (봉림동) (사)유기동물및보호관리협회,변재갑,경상남도 김해시,2024-01-17 00:00:00.0,,,,,,,,,,,,,,,,,,,,,,,
447508202301037,20231228,산동읍 부처방길45,[개] 믹스견,417000,개,000114,믹스견,"흰 ,갈,검은색",2022(년생),3.8(Kg),경북-구미-2023-00452,20231229,20240110,http://openapi.animal.go.kr/openapi/service/rest/fileDownloadSrvc/files/shelter/2023/11/202312291112702.jpg,http://openapi.animal.go.kr/openapi/service/rest/fileDownloadSrvc/files/shelter/2023/11/20231229111238.jpg,,종료(안락사),F,N,온순하고 사람을잘따름,347508202000001,구미시 동물보호센터,054-471-5718,경상북도 구미시 옥성면 선상동로 1358  애니멀 케어 센터,구미시장,경상북도 구미시,2024-08-18 00:00:00.0,건강상태 쇠약,,,,,,,,,,,,,,,,,,,,,,
447508202301036,20231228,산동읍 부처방길45,[개] 믹스견,417000,개,000114,믹스견,검은색,2023(년생),3.4(Kg),경북-구미-2023-00451,20231229,20240110,http://openapi.animal.go.kr/openapi/service/rest/fileDownloadSrvc/files/shelter/2023/11/202312291112276.jpg,http://openapi.animal.go.kr/openapi/service/rest/fileDownloadSrvc/files/shelter/2023/11/202312291112850.jpg,,종료(입양),M,N,네발끝부분 흰색 성깔있음,347508202000001,구미시 동물보호센터,054-471-5718,경상북도 구미시 옥성면 선상동로 1358  애니멀 케어 센터,구미시장,경상북도 구미시,2024-01-19 00:00:00.0,,,,,,,,,,,,,,,,,,,,,,,
447506202300434,20231228,아천cu편의점,[고양이] 한국 고양이,422400,고양이,000200,한국 고양이,치즈,2022(년생),2(Kg),경북-김천-2023-00434,20231229,20240108,http://openapi.animal.go.kr/openapi/service/rest/fileDownloadSrvc/files/shelter/2023/11/202312291812116.jpg,,,종료(자연사),M,N,"복수증상,거친호흡,친화적인성격",347506201300001,김천시 동물보호센터,010-3477-7771,경상북도 김천시 구성면 남김천대로 3296-22  하강리 44(김천시 유기동물보호센터),김천시농업기술센터,경상북도 김천시,2024-02-01 00:00:00.0,,,,,,,,,,,,,,,,,,,,,,,
445470202301006,20231228,남원시 덕과사촌길 21,[개] 믹스견,417000,개,000114,믹스견,흰색,2023(60일미만)(년생),1.3(Kg),전북-남원-2023-00658,20231229,20240108,http://openapi.animal.go.kr/openapi/service/rest/fileDownloadSrvc/files/shelter/2023/11/202312291712239.jpg,,,종료(입양),M,N,피부질환,345470201300002,하나동물병원,063-634-7582,전북특별자치도 남원시 왕정동 67 ,김승권,전북특별자치도 남원시,2024-01-29 00:00:00.0,,,,,,,,,,,,,,,,,,,,,,,
445470202301005,20231228,남원시 덕과사촌길 21,[개] 믹스견,417000,개,000114,믹스견,흰색,2023(60일미만)(년생),1.3(Kg),전북-남원-2023-00657,20231229,20240108,http://openapi.animal.go.kr/openapi/service/rest/fileDownloadSrvc/files/shelter/2023/11/202312291712942.jpg,,,종료(입양),M,N,피부질환,345470201300002,하나동물병원,063-634-7582,전북특별자치도 남원시 왕정동 67 ,김승권,전북특별자치도 남원시,2024-01-29 00:00:00.0,,,,,,,,,,,,,,,,,,,,,,,
445470202301004,20231228,남원시 덕과사촌길 21,[개] 믹스견,417000,개,000114,믹스견,"흰색, 갈색 믹스",2023(60일미만)(년생),1.3(Kg),전북-남원-2023-00656,20231229,20240108,http://openapi.animal.go.kr/openapi/service/rest/fileDownloadSrvc/files/shelter/2023/11/202312291712791.jpg,,,종료(입양),F,N,온순함,345470201300002,하나동물병원,063-634-7582,전북특별자치도 남원시 왕정동 67 ,김승권,전북특별자치도 남원시,2024-01-29 00:00:00.0,,,,,,,,,,,,,,,,,,,,,,,
445470202301003,20231228,남원시 덕과사촌길 21,[개] 믹스견,417000,개,000114,믹스견,흰색,2023(60일미만)(년생),1.3(Kg),전북-남원-2023-00655,20231229,20240108,http://openapi.animal.go.kr/openapi/service/rest/fileDownloadSrvc/files/shelter/2023/11/202312291612319.jpg,,,종료(입양),M,N,온순함,345470201300002,하나동물병원,063-634-7582,전북특별자치도 남원시 왕정동 67 ,김승권,전북특별자치도 남원시,2024-01-29 00:00:00.0,,,,,,,,,,,,,,,,,,,,,,,
444454202301034,20231228,노성면 노성로 248번길 4,[개] 믹스견,417000,개,000114,믹스견,황백색,2022(년생),3.5(Kg),충남-논산-2023-00653,20231229,20240108,http://openapi.animal.go.kr/openapi/service/rest/fileDownloadSrvc/files/shelter/2023/11/202312291612919.jpg,,,종료(자연사),M,N,폐사체 인계,344454202000006,논산시 동물보호센터,041-746-8470,충청남도 논산시 계백로665번길 100 (등화동) 논산시 동물보호센터,논산시장,충청남도 논산시,2023-12-29 00:00:00.0,폐사체 인계 받음,,,,,,,,,,,,,,,,,,,,,,
444454202301033,20231228,노성면 노성로 248번길 4,[개] 믹스견,417000,개,000114,믹스견,황백색,2022(년생),3(Kg),충남-논산-2023-00652,20231229,20240108,http://openapi.animal.go.kr/openapi/service/rest/fileDownloadSrvc/files/shelter/2023/11/202312291612407[1].jpg,,,종료(자연사),F,U,"목줄, 폐사체 인계",344454202000006,논산시 동물보호센터,041-746-8470,충청남도 논산시 계백로665번길 100 (등화동) 논산시 동물보호센터,논산시장,충청남도 논산시,2023-12-29 00:00:00.0,폐사체 인계 받음,,,,,,,,,,,,,,,,,,,,,,
444454202301032,20231228,노성면 노성로 248번길 4,[개] 사모예드,417000,개,000096,사모예드,백색,2021(년생),8(Kg),충남-논산-2023-00651,20231229,20240108,http://openapi.animal.go.kr/openapi/service/rest/fileDownloadSrvc/files/shelter/2023/11/202312291512139.jpg,http://openapi.animal.go.kr/openapi/service/rest/fileDownloadSrvc/files/shelter/2023/11/202402081302668.jpg,,종료(안락사),M,N,"심한 야윔, 홍역·파보·코로나 음성/심장 양성/종합·광견병·코로나 백신(1228)",344454202000006,논산시 동물보호센터,041-746-8470,충청남도 논산시 계백로665번길 100 (등화동) 논산시 동물보호센터,논산시장,충청남도 논산시,2024-02-08 00:00:00.0,심장사상충 양성,,,,,,,,,,,,,,,,,,,,,,
444454202301031,20231228,노성면 노성로 248번길 4,[개] 믹스견,417000,개,000114,믹스견,황백색,2021(년생),5.5(Kg),충남-논산-2023-00650,20231229,20240108,http://openapi.animal.go.kr/openapi/service/rest/fileDownloadSrvc/files/shelter/2023/11/202312291512681.jpg,http://openapi.animal.go.kr/openapi/service/rest/fileDownloadSrvc/files/shelter/2023/11/202402081302964.jpg,,종료(안락사),F,U,"심한 야윔, 홍역·파보·코로나 음성/심장 양성/종합·광견병·코로나 백신(1228)",344454202000006,논산시 동물보호센터,041-746-8470,충청남도 논산시 계백로665번길 100 (등화동) 논산시 동물보호센터,논산시장,충청남도 논산시,2024-02-08 00:00:00.0,심장사상충 양성,,,,,,,,,,,,,,,,,,,,,,
444454202301030,20231228,노성면 노성로 248번길 4,[개] 믹스견,417000,개,000114,믹스견,황백색,2021(년생),5.7(Kg),충남-논산-2023-00649,20231229,20240108,http://openapi.animal.go.kr/openapi/service/rest/fileDownloadSrvc/files/shelter/2023/11/202312291512128.jpg,http://openapi.animal.go.kr/openapi/service/rest/fileDownloadSrvc/files/shelter/2023/11/20240208130299.jpg,,종료(안락사),M,N,"심한 야윔, 홍역·파보·코로나 음성/심장 양성/종합·광견병·코로나 백신(1228)",344454202000006,논산시 동물보호센터,041-746-8470,충청남도 논산시 계백로665번길 100 (등화동) 논산시 동물보호센터,논산시장,충청남도 논산시,2024-02-08 00:00:00.0,심장사상충 양성,,,,,,,,,,,,,,,,,,,,,,
442418202301156,20231228,동면 장학리 한림성심대 기숙사,[개] 믹스견,417000,개,000114,믹스견,흰색,2023(년생),4(Kg),강원-춘천-2023-00591,20231229,20240108,http://openapi.animal.go.kr/openapi/service/rest/fileDownloadSrvc/files/shelter/2023/11/202401091501985.jpg,,,종료(안락사),F,U,온순,342418201300001,춘천시 동물보호센터,033-245-5351,강원도 춘천시 신북읍 영서로 3282 (신북읍) (전)102보충대 주차장,춘천시장,강원특별자치도 춘천시,2024-07-26 00:00:00.0,공격성에 따른 인도적 조치,,,http://openapi.animal.go.kr/openapi/service/rest/fileDownloadSrvc/files/shelter/2024/07/202407261007210.jpg,,,,,,,,,,,,,,,,,,,
442418202301155,20231228,남산면 햇골길 53,[개] 믹스견,417000,개,000114,믹스견,"갈색,흰색",2021(년생),8(Kg),강원-춘천-2023-00590,20231229,20240108,http://openapi.animal.go.kr/openapi/service/rest/fileDownloadSrvc/files/shelter/2023/11/202312291112357.jpg,,,종료(반환),M,U,온순,342418201300001,춘천시 동물보호센터,033-245-5351,강원도 춘천시 신북읍 영서로 3282 (신북읍) (전)102보충대 주차장,춘천시장,강원특별자치도 춘천시,2023-12-29 00:00:00.0,,,,,,,,,,,,,,,,,,,,,,,
442418202301154,20231228,동면 가산로 33,[개] 믹스견,417000,개,000114,믹스견,흰색,2023(년생),2(Kg),강원-춘천-2023-00589,20231229,20240108,http://openapi.animal.go.kr/openapi/service/rest/fileDownloadSrvc/files/shelter/2023/11/202401091501759.jpg,,,종료(자연사),F,U,온순,342418201300001,춘천시 동물보호센터,033-245-5351,강원도 춘천시 신북읍 영서로 3282 (신북읍) (전)102보충대 주차장,춘천시장,강원특별자치도 춘천시,2024-02-17 00:00:00.0,자연사,,,,,,,,,,,,,,,,,,,,,,
441560202301989,20231228,영북면 산정호수로 일대,[개] 믹스견,417000,개,000114,믹스견,갈/흰,2022(년생),10.7(Kg),경기-포천-2023-01413,20231229,20240108,http://openapi.animal.go.kr/openapi/service/rest/fileDownloadSrvc/files/shelter/2023/11/202312291612498.jpg,,,종료(안락사),M,N,회색목줄. 코팥죽색. 귀접힘. 양귀 끝 경미한 피부질환. 겁있으나 만지는것가능. 좌측얼굴부종/상처.,341560201000002,한국동물구조관리협회,031-867-9119,경기도 양주시 남면 감악산로 63-37  ,김철훈,경기도 포천시,2024-01-17 00:00:00.0,보호기간종료.,,,,,,,,,,,,,,,,,,,,,,
441560202301988,20231228,영북면 산정호수로 8-14 인근,[개] 믹스견,417000,개,000114,믹스견,검/흰,2016(년생),10.3(Kg),경기-포천-2023-01412,20231229,20240108,http://openapi.animal.go.kr/openapi/service/rest/fileDownloadSrvc/files/shelter/2023/11/20231229161259.jpg,,,종료(안락사),M,N,빨간바탕 노란줄 목줄. 귀접힘. 코검정. 사람손탐. 꼬리단미안됨. 털상태 양호.,341560201000002,한국동물구조관리협회,031-867-9119,경기도 양주시 남면 감악산로 63-37  ,김철훈,경기도 포천시,2024-01-17 00:00:00.0,보호기간종료.,,,,,,,,,,,,,,,,,,,,,,
441560202301987,20231228,가산면 진금로 101 인근,[개] 믹스견,417000,개,000114,믹스견,흰,2020(년생),24(Kg),경기-포천-2023-01411,20231229,20240108,http://openapi.animal.go.kr/openapi/service/rest/fileDownloadSrvc/files/shelter/2023/11/202312291612415.jpg,,,종료(안락사),M,N,코분홍. 귀쫑긋. 눈곱. 양윗송곳니 약간 마모. 사람잘따름. 꼬리단미안됨. 털때탐.,341560201000002,한국동물구조관리협회,031-867-9119,경기도 양주시 남면 감악산로 63-37  ,김철훈,경기도 포천시,2024-01-17 00:00:00.0,보호기간종료.,,,,,,,,,,,,,,,,,,,,,,
441560202301986,20231228,관인면 뗏마루1길 45 인근,[개] 믹스견,417000,개,000114,믹스견,흰,2023(년생),3.3(Kg),경기-포천-2023-01410,20231229,20240108,http://openapi.animal.go.kr/openapi/service/rest/fileDownloadSrvc/files/shelter/2023/11/202312291612462.jpg,,,종료(안락사),M,N,귀접힘/갈색. 코분홍+검정. 온순/얌전. 꼬리단미안됨. 털 오염.,341560201000002,한국동물구조관리협회,031-867-9119,경기도 양주시 남면 감악산로 63-37  ,김철훈,경기도 포천시,2024-01-17 00:00:00.0,보호기간종료.,,,,,,,,,,,,,,,,,,,,,,
441560202301985,20231228,관인면 뗏마루1길 45 인근,[개] 믹스견,417000,개,000114,믹스견,흰,2023(년생),3.7(Kg),경기-포천-2023-01409,20231229,20240108,http://openapi.animal.go.kr/openapi/service/rest/fileDownloadSrvc/files/shelter/2023/11/202312291612312.jpg,,,종료(안락사),M,N,귀접힘/갈색. 코분홍+검정. 온순함. 꼬리단미안됨. 털상태 양호.,341560201000002,한국동물구조관리협회,031-867-9119,경기도 양주시 남면 감악산로 63-37  ,김철훈,경기도 포천시,2024-01-17 00:00:00.0,보호기간종료.,,,,,,,,,,,,,,,,,,,,,,
441560202301984,20231228,관인면 뗏마루1길 45 인근,[개] 믹스견,417000,개,000114,믹스견,흰,2023(년생),2.9(Kg),경기-포천-2023-01408,20231229,20240108,http://openapi.animal.go.kr/openapi/service/rest/fileDownloadSrvc/files/shelter/2023/11/202312291612770.jpg,,,종료(안락사),M,N,귀반접힘/갈색. 코검정+분홍. 온순함. 꼬리단미안됨. 털오염.,341560201000002,한국동물구조관리협회,031-867-9119,경기도 양주시 남면 감악산로 63-37  ,김철훈,경기도 포천시,2024-01-17 00:00:00.0,보호기간종료.,,,,,,,,,,,,,,,,,,,,,,
441560202301983,20231228,관인면 뗏마루1길 45 인근,[개] 믹스견,417000,개,000114,믹스견,갈,2023(년생),2.4(Kg),경기-포천-2023-01407,20231229,20240108,http://openapi.animal.go.kr/openapi/service/rest/fileDownloadSrvc/files/shelter/2023/11/202312291612850.jpg,,,종료(안락사),F,U,귀접힘. 코갈색. 온순/입질안보임. 꼬리단미안됨. 털상태 양호.,341560201000002,한국동물구조관리협회,031-867-9119,경기도 양주시 남면 감악산로 63-37  ,김철훈,경기도 포천시,2024-01-17 00:00:00.0,보호기간종료.,,,,,,,,,,,,,,,,,,,,,,
441560202301982,20231228,관인면 뗏마루1길 45 인근,[개] 믹스견,417000,개,000114,믹스견,갈,2023(년생),2.6(Kg),경기-포천-2023-01406,20231229,20240108,http://openapi.animal.go.kr/openapi/service/rest/fileDownloadSrvc/files/shelter/2023/11/202312291612590[1].jpg,,,종료(안락사),F,U,귀접힘/진갈색. 코갈색. 온순함. 네발흰털. 꼬리단미안됨. 털상태 오염.,341560201000002,한국동물구조관리협회,031-867-9119,경기도 양주시 남면 감악산로 63-37  ,김철훈,경기도 포천시,2024-01-17 00:00:00.0,보호기간종료.,,,,,,,,,,,,,,,,,,,,,,
441560202301981,20231228,소흘읍 무봉리 235-6 인근,[개] 믹스견,417000,개,000114,믹스견,갈,2019(년생),6.8(Kg),경기-포천-2023-01405,20231229,20240108,http://openapi.animal.go.kr/openapi/service/rest/fileDownloadSrvc/files/shelter/2023/11/202312291612239[1].jpg,,,종료(안락사),M,N,우측귀 접힘. 코검정. 경계/사람손피함. 오른귀 뒷편 탈모/흉터. 달래서 안을수있음/입질 안보임. ,341560201000002,한국동물구조관리협회,031-867-9119,경기도 양주시 남면 감악산로 63-37  ,김철훈,경기도 포천시,2024-01-17 00:00:00.0,보호기간종료.,,,,,,,,,,,,,,,,,,,,,,
441560202301980,20231228,군내면 청성로 111 반월아트홀 정문,[고양이] 한국 고양이,422400,고양이,000200,한국 고양이,검/흰,2023(년생),2(Kg),경기-포천-2023-01404,20231229,20240108,http://openapi.animal.go.kr/openapi/service/rest/fileDownloadSrvc/files/shelter/2023/11/202312291612792.jpg,,,종료(입양),M,N,사람좋아함/애교많음. 눈곱.,341560201000002,한국동물구조관리협회,031-867-9119,경기도 양주시 남면 감악산로 63-37  ,김철훈,경기도 포천시,2024-01-11 00:00:00.0,,,,,,,,,,,,,,,,,,,,,,,
441560202301979,20231228,군내면 청성로 111 반월아트홀 정문,[고양이] 한국 고양이,422400,고양이,000200,한국 고양이,검/흰,2023(년생),1.8(Kg),경기-포천-2023-01403,20231229,20240108,http://openapi.animal.go.kr/openapi/service/rest/fileDownloadSrvc/files/shelter/2023/11/202312291612283.jpg,,,종료(입양),F,U,코밑에점. 사람좋아함/애교많음. 눈곱.,341560201000002,한국동물구조관리협회,031-867-9119,경기도 양주시 남면 감악산로 63-37  ,김철훈,경기도 포천시,2024-01-11 00:00:00.0,,,,,,,,,,,,,,,,,,,,,,,
441560202301978,20231228,일동면 기산리 285-6 일동파출소 인근,[개] 믹스견,417000,개,000114,믹스견,흰,2023(년생),1.7(Kg),경기-포천-2023-01402,20231229,20240108,http://openapi.animal.go.kr/openapi/service/rest/fileDownloadSrvc/files/shelter/2023/11/202312291612115.jpg,,,종료(안락사),F,U,귀쫑긋. 코검정. 눈곱. 소심. 입질안보임. 꼬리단미안됨. 털상태 양호.,341560201000002,한국동물구조관리협회,031-867-9119,경기도 양주시 남면 감악산로 63-37  ,김철훈,경기도 포천시,2024-01-17 00:00:00.0,보호기간종료.,,,,,,,,,,,,,,,,,,,,,,
441553202303561,20231228,매송면 원평리 인근,[개] 믹스견,417000,개,000114,믹스견,베이지,2023(60일미만)(년생),1.5(Kg),경기-화성-2023-01619,20231229,20240108,http://openapi.animal.go.kr/openapi/service/rest/fileDownloadSrvc/files/shelter/2023/11/202312291012285.jpg,http://openapi.animal.go.kr/openapi/service/rest/fileDownloadSrvc/files/shelter/2023/11/202401121201127.jpg,,종료(입양),F,N,곰돌이같이 생긴 귀엽고 순한 아기 강아지,341553201700001,화성동물보호센터,031-356-2281,경기도 화성시 남양읍 화성로 1483-27 (남양읍) ,심은용 외 1인,경기도 화성시,2024-01-12 00:00:00.0,,,,,,,,,,,,,,,,,,,,,,,
441414202300982,20231228,전곡읍 한탄강 관광지 일대,[개] 믹스견,417000,개,000114,믹스견,검/갈/회,2021(년생),8.5(Kg),경기-연천-2023-00485,20231229,20240108,http://openapi.animal.go.kr/openapi/service/rest/fileDownloadSrvc/files/shelter/2023/11/202312291512157.jpg,,,종료(안락사),F,U,눈곱. 얼굴흉터. 이마탈모. 유선발달. 좌측 윗 송곳니 변색. 방어적입질/만지는것불가. 피부각질.,341414201300001,한국동물구조관리협회,031-867-9119,경기도 양주시 남면 감악산로 63-37 ,김철훈,경기도 연천군,2024-01-22 00:00:00.0,보호기간종료.,,,,,,,,,,,,,,,,,,,,,,
441414202300981,20231228,전곡읍 한탄강관광지 일대,[개] 믹스견,417000,개,000114,믹스견,갈/검,2023(년생),6.8(Kg),경기-연천-2023-00484,20231229,20240108,http://openapi.animal.go.kr/openapi/service/rest/fileDownloadSrvc/files/shelter/2023/11/202312291512739.jpg,,,종료(안락사),M,N,귀접힘. 코검정. 입질. 꼬리/네발끝 흰털. 다리짧음. 꼬리단미 안됨. 털상태 양호.,341414201300001,한국동물구조관리협회,031-867-9119,경기도 양주시 남면 감악산로 63-37 ,김철훈,경기도 연천군,2024-01-22 00:00:00.0,보호기간종료.,410097800509611,-,,,,,,,,,,,,,,,,,,,,
441414202300980,20231228,전곡읍 한탄강 관광지 일대,[개] 믹스견,417000,개,000114,믹스견,흰,2023(년생),4.3(Kg),경기-연천-2023-00483,20231229,20240108,http://openapi.animal.go.kr/openapi/service/rest/fileDownloadSrvc/files/shelter/2023/11/202312291512485.jpg,,,종료(안락사),F,U,귀접힘. 눈물자국. 코검정. 겁있음/입질안보임. 꼬리단미안됨. 털때탐.,341414201300001,한국동물구조관리협회,031-867-9119,경기도 양주시 남면 감악산로 63-37 ,김철훈,경기도 연천군,2024-01-22 00:00:00.0,보호기간종료.,,,,,,,,,,,,,,,,,,,,,,
441409202302137,20231228,하성면 하성로 308-7 인근,[고양이] 한국 고양이,422400,고양이,000200,한국 고양이,갈/검/흰,2023(년생),1.8(Kg),경기-김포-2023-01024,20231229,20240108,http://openapi.animal.go.kr/openapi/service/rest/fileDownloadSrvc/files/shelter/2023/11/202312291612277.jpg,,,종료(자연사),M,N,양후지마비증상. 꼬리 중간부위 뼈가 한마디정도 끊어져있음. 온순.,341409201400001,한국동물구조관리협회,031-867-9119,경기도 양주시 남면 감악산로 63-37 (남면) ,김철훈,경기도 김포시,2024-01-11 00:00:00.0,"기력없음,식욕없음,설사.",,,,,,,,,,,,,,,,,,,,,,
441409202302136,20231228,통진읍 가현로 238-44 인근,[개] 믹스견,417000,개,000114,믹스견,흰,2019(년생),23(Kg),경기-김포-2023-01023,20231229,20240108,http://openapi.animal.go.kr/openapi/service/rest/fileDownloadSrvc/files/shelter/2023/11/202312291612226.jpg,,,종료(입양),M,N,코검정. 귀접힘. 눈곱. 부정교합. 사람잘따름. 꼬리단미안됨. 털 도깨비풀 붙어있음.,341409201400001,한국동물구조관리협회,031-867-9119,경기도 양주시 남면 감악산로 63-37 (남면) ,김철훈,경기도 김포시,2024-01-24 00:00:00.0,,,,,,,,,,,,,,,,,,,,,,,
441409202302135,20231228,북변동 216-2 한성2차아파트 일대,[개] 코카 스파니엘,417000,개,000125,코카 스파니엘,갈,2013(년생),7.3(Kg),경기-김포-2023-01022,20231229,20240108,http://openapi.animal.go.kr/openapi/service/rest/fileDownloadSrvc/files/shelter/2023/11/202312291612531.jpg,,,종료(입양),F,U,양안돌출 및 안구손상. 눈곱. 코갈색. 머리 우측 상처. 얌전/온순. 치석.양귀외이염. 오른귀 윗부분 상처.,341409201400001,한국동물구조관리협회,031-867-9119,경기도 양주시 남면 감악산로 63-37 (남면) ,김철훈,경기도 김포시,2024-01-10 00:00:00.0,,,,,,,,,,,,,,,,,,,,,,,
441409202302134,20231228,통진읍 수참리 455-1 인근,[개] 믹스견,417000,개,000114,믹스견,갈/검,2023(60일미만)(년생),1(Kg),경기-김포-2023-01021,20231229,20240108,http://openapi.animal.go.kr/openapi/service/rest/fileDownloadSrvc/files/shelter/2023/11/202312291612407[2].jpg,,,종료(안락사),F,U,귀접힘/검정털. 코검정. 온순함. 꼬리단미안됨. 털상태 양호. 왼사타구니탈장.,341409201400001,한국동물구조관리협회,031-867-9119,경기도 양주시 남면 감악산로 63-37 (남면) ,김철훈,경기도 김포시,2024-01-22 00:00:00.0,보호기간종료.,,,,,,,,,,,,,,,,,,,,,,
441409202302133,20231228,월곶면 개곡리 564 인근,[개] 말티즈,417000,개,000072,말티즈,흰,2017(년생),4.1(Kg),경기-김포-2023-01020,20231229,20240108,http://openapi.animal.go.kr/openapi/service/rest/fileDownloadSrvc/files/shelter/2023/11/202312291612785.jpg,,,종료(안락사),F,U,초록바탕 노란두줄 목줄. 귀접힘. 코주황+갈색. 사람손탐. 심하게 여윔. 꼬리단미안됨. 털 엉킴.,341409201400001,한국동물구조관리협회,031-867-9119,경기도 양주시 남면 감악산로 63-37 (남면) ,김철훈,경기도 김포시,2024-01-22 00:00:00.0,보호기간종료.,,,,,,,,,,,,,,,,,,,,,,
441408202301961,20231228,고지길 72,[개] 믹스견,417000,개,000114,믹스견,갈색,2021(년생),30(Kg),경기-안성-2023-00752,20231229,20240108,http://openapi.animal.go.kr/openapi/service/rest/fileDownloadSrvc/files/shelter/2023/11/202312281712451.jpg,http://openapi.animal.go.kr/openapi/service/rest/fileDownloadSrvc/files/shelter/2023/11/202401111701856.jpg,http://openapi.animal.go.kr/openapi/service/rest/fileDownloadSrvc/files/shelter/2023/11/202401111701277.jpg,종료(안락사),Q,N,-,341408200900001,안성시동물보호센터,031-673-5858,경기도 안성시 보개원삼로 157 (가사동) 미래동물병원,이성준,경기도 안성시,2024-01-11 00:00:00.0,,,,,,,,,,,,,,,,,,,,,,,
441406202302121,20231228,파평면 파평산로454번길 74-7 인근,[개] 믹스견,417000,개,000114,믹스견,흰/갈/검,2023(년생),2(Kg),경기-파주-2023-01089,20231229,20240108,http://openapi.animal.go.kr/openapi/service/rest/fileDownloadSrvc/files/shelter/2023/11/202312291712768.jpg,,,종료(안락사),F,U,귀접힘. 코검+분. 온순/얌전. 꼬리단미안됨. 털상태양호.,341406202200002,한국동물구조관리협회,031-867-9119,경기도 양주시 남면 감악산로 63-37  ,김철훈,경기도 파주시,2024-01-17 00:00:00.0,보호기간종료.,,,,,,,,,,,,,,,,,,,,,,
